,4.024,16.276,27.939
499.236,0.037440973,0.051458308,0.297464731
499.444,0.027345471,0.044782381,0.310013977
499.652,0.02974868,0.045262419,0.285047008
499.86,0.030510618,0.042078727,0.289193008
500.067,0.030437707,0.039894658,0.282773181
500.275,0.034703346,0.043297458,0.277672742
500.483,0.032899886,0.048701288,0.304953636
500.69,0.026035749,0.053296998,0.309412394
500.898,0.017903327,0.045566194,0.297497758
501.105,0.022292085,0.045471052,0.300057447
501.313,0.032115846,0.0486722,0.295042611
501.521,0.017565326,0.046686501,0.264611655
501.728,0.024179905,0.041294675,0.321711047
501.936,0.021401908,0.04334599,0.292716338
502.143,0.033654862,0.049161941,0.321380746
502.351,0.030563264,0.050168568,0.344538921
502.558,0.035458804,0.047724904,0.271715871
502.766,0.026786441,0.045789323,0.339788056
502.973,0.028519402,0.053239414,0.316368224
503.181,0.03253782,0.046858986,0.336388612
503.388,0.025566586,0.047780286,0.321324178
503.596,0.028085335,0.051396926,0.325605236
503.803,0.020388279,0.046796071,0.325248033
504.011,0.033362184,0.054782365,0.324333225
504.218,0.026576384,0.04953469,0.335728945
504.425,0.034824278,0.053161352,0.344204069
504.633,0.022679696,0.050544543,0.302367013
504.84,0.030062484,0.049061212,0.2794451
505.048,0.025988327,0.053194025,0.351479749
505.255,0.017332044,0.050252812,0.325782839
505.462,0.03298349,0.050186579,0.327451649
505.67,0.029546269,0.049271388,0.351691136
505.877,0.032682613,0.050504128,0.344762301
506.084,0.02470136,0.054747017,0.374897607
506.292,0.026831134,0.047210496,0.343608015
506.499,0.030182534,0.048957321,0.363889777
506.706,0.031779889,0.051704773,0.343785219
506.913,0.036296815,0.044285568,0.330405703
507.121,0.034481441,0.056838077,0.315992089
507.328,0.018293303,0.056308614,0.343505539
507.535,0.035581898,0.053701996,0.367900712
507.742,0.03291074,0.052887802,0.310098927
507.949,0.024841537,0.05213606,0.333806411
508.157,0.020995117,0.052590208,0.32289559
508.364,0.033566605,0.05066732,0.350690079
508.571,0.033890343,0.057734884,0.351188341
508.778,0.031517106,0.057362471,0.328213749
508.985,0.031693162,0.052837401,0.327920904
509.192,0.029723585,0.055359444,0.338985776
509.399,0.039546223,0.056239213,0.38368806
509.607,0.054357463,0.054625336,0.357929869
509.814,0.033682645,0.061602932,0.399228316
510.021,0.043217895,0.050002368,0.364943431
510.228,0.040015916,0.059911418,0.327204762
510.435,0.02721048,0.064824133,0.344741653
510.642,0.033901789,0.056911562,0.385773027
510.849,0.026831573,0.066041615,0.362222443
511.056,0.031624209,0.061550581,0.349672171
511.263,0.032389674,0.056529882,0.409584673
511.47,0.034076005,0.053279195,0.312344325
511.677,0.037145968,0.059308501,0.384942811
511.884,0.024982448,0.055586715,0.38738761
512.091,0.041427659,0.058494422,0.369429633
512.298,0.044742239,0.059729813,0.410489983
512.505,0.047181352,0.058290062,0.375319506
512.711,0.045238839,0.059944074,0.4492261
512.918,0.024758709,0.059079823,0.340904943
513.125,0.039431256,0.052598817,0.410972004
513.332,0.039137213,0.062260041,0.366037303
513.539,0.034750785,0.06106954,0.361153441
513.746,0.0351402,0.066789026,0.407846792
513.953,0.036628472,0.061421556,0.38224161
514.159,0.045628387,0.067091194,0.415192665
514.366,0.045233313,0.058497507,0.381047499
514.573,0.043623678,0.057555077,0.433861883
514.78,0.045070079,0.063136217,0.38246943
514.986,0.043082856,0.061846055,0.384765122
515.193,0.031147191,0.061351671,0.388835497
515.4,0.03556629,0.070414442,0.370981262
515.607,0.049929293,0.063099791,0.431392199
515.813,0.030546884,0.066188478,0.38521082
516.02,0.043130193,0.061777597,0.342115898
516.227,0.049661153,0.07056852,0.412120316
516.433,0.038838234,0.063382046,0.42957411
516.64,0.034328201,0.065567418,0.36247213
516.847,0.035023883,0.062406984,0.4518013
517.053,0.043223005,0.063902811,0.433884709
517.26,0.040470359,0.060828013,0.413044484
517.467,0.034954076,0.069883638,0.424356234
517.673,0.043801919,0.064956554,0.416250939
517.88,0.043953292,0.056810023,0.359239056
518.086,0.046714355,0.059853707,0.419587387
518.293,0.046022066,0.062830599,0.372233381
518.499,0.034864151,0.067916298,0.395235648
518.706,0.040824927,0.067390108,0.429342748
518.912,0.035368356,0.06974035,0.435987058
519.119,0.045381004,0.060994391,0.462143992
519.325,0.042500447,0.065530321,0.420833322
519.532,0.045102633,0.065536147,0.404311981
519.738,0.037332912,0.061567998,0.428096028
519.945,0.052314011,0.069451052,0.424525157
520.151,0.033183438,0.064660384,0.388850342
520.358,0.029707848,0.064287212,0.423173908
520.564,0.033289823,0.060905671,0.407019773
520.771,0.037738979,0.064184941,0.428039873
520.977,0.04374299,0.068997287,0.364098995
521.183,0.034563793,0.06915585,0.406202227
521.39,0.058533067,0.070267835,0.456967463
521.596,0.047049876,0.058388082,0.404098895
521.802,0.040342233,0.062653384,0.369065165
522.009,0.036561619,0.075725125,0.447110572
522.215,0.042690318,0.067018306,0.464908527
522.421,0.045085458,0.07096487,0.385501466
522.628,0.044114704,0.06670441,0.453245262
522.834,0.044071334,0.065467724,0.411714238
523.04,0.027887577,0.066545911,0.461524365
523.246,0.033238112,0.068815408,0.411006329
523.453,0.038714023,0.06491389,0.473046621
523.659,0.038455982,0.065840687,0.402423342
523.865,0.036949831,0.064742818,0.440773575
524.071,0.036381126,0.077318935,0.407114475
524.277,0.038987447,0.076898355,0.445543574
524.484,0.038482106,0.07499244,0.418709365
524.69,0.038868215,0.070096652,0.505776914
524.896,0.029153614,0.071322458,0.412827074
525.102,0.038868743,0.070236242,0.471657252
525.308,0.03076401,0.067146142,0.455213705
525.514,0.04201111,0.073016775,0.429159053
525.72,0.034180706,0.068768868,0.476443564
525.926,0.042164254,0.069001078,0.463582433
526.132,0.032003425,0.073722938,0.454836399
526.338,0.040103129,0.067877631,0.441948073
526.544,0.059374391,0.075440439,0.378817257
526.75,0.037679977,0.06758066,0.461678738
526.957,0.034978013,0.069620976,0.43264037
527.163,0.050517674,0.064971933,0.436442811
527.368,0.050876399,0.0687479,0.403940453
527.574,0.039266913,0.074549266,0.447856906
527.78,0.046444707,0.072705391,0.432432007
527.986,0.042567428,0.061933241,0.405021792
528.192,0.038846716,0.06573112,0.460581372
528.398,0.048273554,0.064185768,0.424071941
528.604,0.035496933,0.069565407,0.449729683
528.81,0.037962192,0.07462815,0.443316238
529.016,0.038066348,0.065340751,0.428043566
529.222,0.034077709,0.06523196,0.385923416
529.428,0.040700183,0.075973021,0.39914713
529.633,0.04435223,0.062563074,0.455514322
529.839,0.038515463,0.070552721,0.432091504
530.045,0.050071975,0.070105218,0.480296424
530.251,0.038216745,0.079934088,0.384473466
530.457,0.057928908,0.074300098,0.418123104
530.663,0.041095956,0.067007353,0.459715292
530.868,0.042196811,0.066616739,0.447467726
531.074,0.044037269,0.062786391,0.463932945
531.28,0.034822136,0.0692039,0.412721801
531.485,0.046701213,0.06712673,0.446611609
531.691,0.039505856,0.06661844,0.412121219
531.897,0.037963697,0.066417987,0.435071062
532.103,0.054238636,0.061590449,0.377689515
532.308,0.046390315,0.071323532,0.467735463
532.514,0.041983401,0.072616769,0.478299368
532.72,0.047853133,0.0727202,0.423867295
532.925,0.054260457,0.069217236,0.437764508
533.131,0.046114515,0.065324852,0.503058394
533.336,0.042514301,0.072890486,0.424190885
533.542,0.046270145,0.070198269,0.513431055
533.748,0.03366455,0.071270159,0.480492865
533.953,0.041362125,0.074110957,0.472580919
534.159,0.041495542,0.069341653,0.435708343
534.364,0.051489934,0.070894936,0.44699845
534.57,0.050990021,0.067507969,0.434963373
534.775,0.051986886,0.064942941,0.437830991
534.981,0.031531193,0.067291869,0.420473264
535.186,0.042970229,0.067555859,0.446942388
535.392,0.032992376,0.07141357,0.471197047
535.597,0.043067182,0.077581428,0.469760036
535.803,0.054195158,0.068565691,0.428087829
536.008,0.043059564,0.07520152,0.441560278
536.214,0.044144427,0.072290777,0.486614322
536.419,0.035735276,0.072640856,0.43901158
536.624,0.033686622,0.068931513,0.424877665
536.83,0.052654292,0.074480128,0.442050577
537.035,0.049973987,0.06654273,0.432268191
537.241,0.035155172,0.073179584,0.506452328
537.446,0.038136333,0.06942173,0.435388342
537.651,0.049869667,0.069507258,0.476410056
537.857,0.046782346,0.064667023,0.463902131
538.062,0.034197014,0.078330328,0.451751888
538.267,0.048450607,0.066186805,0.410626849
538.472,0.048753193,0.076951073,0.457320724
538.678,0.049755441,0.074215663,0.462871895
538.883,0.042057672,0.074377446,0.449493653
539.088,0.052874968,0.072070302,0.441471389
539.293,0.046913178,0.070599225,0.411523318
539.499,0.041432607,0.067159845,0.453948867
539.704,0.04245465,0.07020502,0.449494802
539.909,0.039694708,0.0775703,0.40183817
540.114,0.053713425,0.078918087,0.449704518
540.319,0.050431976,0.066785399,0.519459999
540.525,0.05206419,0.066757163,0.477652612
540.73,0.042891077,0.072646056,0.4857212
540.935,0.05440188,0.077592526,0.424090086
541.14,0.051281013,0.069150354,0.470587466
541.345,0.035802206,0.068412472,0.468249898
541.55,0.044342474,0.072998864,0.464126983
541.755,0.04959881,0.070029342,0.477867605
541.96,0.039782838,0.079040769,0.477728181
542.165,0.047498983,0.075159968,0.444222784
542.37,0.043052283,0.068323456,0.494851149
542.575,0.043968458,0.067289645,0.477618746
542.78,0.043011885,0.066171203,0.462959473
542.985,0.033051363,0.078456274,0.407928656
543.19,0.045525413,0.076736907,0.473644626
543.395,0.049801833,0.072152505,0.463408214
543.6,0.042405737,0.068969898,0.462927579
543.805,0.039678309,0.078214143,0.441331083
544.01,0.039959597,0.073300881,0.452850679
544.215,0.052565703,0.07253048,0.459627585
544.42,0.034921556,0.07379774,0.465448952
544.625,0.044846122,0.069574641,0.437520902
544.83,0.03931502,0.06671217,0.458165972
545.035,0.052005621,0.077831949,0.492044714
545.239,0.03161948,0.074759024,0.464501297
545.444,0.030389163,0.079921124,0.43059919
545.649,0.058982056,0.07277464,0.479135453
545.854,0.044640305,0.071498895,0.39683303
546.059,0.056379098,0.068309217,0.481834173
546.263,0.042603245,0.075798194,0.457777018
546.468,0.048353717,0.071336834,0.460603605
546.673,0.047768549,0.075527638,0.410595502
546.878,0.047259702,0.075150851,0.45118034
547.082,0.043815397,0.06727621,0.480453033
547.287,0.03700907,0.074563618,0.438243951
547.492,0.041035117,0.075676088,0.455479825
547.697,0.065872933,0.074225377,0.485970277
547.901,0.033632231,0.072221162,0.447770882
548.106,0.034548099,0.067249984,0.503566835
548.311,0.03438712,0.072260011,0.485199193
548.515,0.048721374,0.073164519,0.433852165
548.72,0.047417537,0.072897022,0.437092674
548.924,0.039658995,0.073974435,0.435982682
549.129,0.037563667,0.077174609,0.396541933
549.334,0.047589498,0.071688584,0.444575612
549.538,0.040662805,0.072771443,0.456687933
549.743,0.038673454,0.071930401,0.40824991
549.947,0.047595511,0.068947262,0.464452509
550.152,0.034969034,0.074398566,0.45886795
550.356,0.046097365,0.069084284,0.429630108
550.561,0.038899171,0.078927913,0.427400303
550.765,0.036023689,0.077661426,0.457590009
550.97,0.043761039,0.081273555,0.439564562
551.174,0.0463845,0.071471838,0.409272091
551.379,0.044670129,0.06960316,0.469266529
551.583,0.031772005,0.0724891,0.476928378
551.788,0.042780574,0.069930045,0.436082484
551.992,0.044525961,0.074757707,0.459376639
552.196,0.043079259,0.070707846,0.443940084
552.401,0.046614635,0.075360827,0.46426565
552.605,0.059733489,0.073939655,0.419614397
552.81,0.03227248,0.071694707,0.416464547
553.014,0.053647541,0.071557553,0.396551728
553.218,0.056355278,0.071016306,0.515004641
553.423,0.027338989,0.070804893,0.465243524
553.627,0.041456149,0.072915171,0.444232998
553.831,0.035339002,0.073350551,0.446911535
554.035,0.044921311,0.077267452,0.503570332
554.24,0.043410742,0.071990552,0.470449878
554.444,0.049022158,0.070074252,0.443254366
554.648,0.044968948,0.065745395,0.452731358
554.852,0.049423298,0.068031291,0.385179624
555.057,0.037013234,0.063700838,0.479689653
555.261,0.027827025,0.069584919,0.498575937
555.465,0.042304218,0.065496201,0.406105202
555.669,0.050034869,0.071293716,0.442092791
555.873,0.040967854,0.066521897,0.49224455
556.078,0.042924679,0.069939181,0.47246948
556.282,0.038281573,0.079630325,0.437327069
556.486,0.046676361,0.064087635,0.477756785
556.69,0.052407883,0.069071108,0.449725062
556.894,0.055361634,0.069955607,0.420604014
557.098,0.042756944,0.071731899,0.44676817
557.302,0.049943581,0.072674777,0.381823954
557.506,0.04033101,0.073194379,0.464862197
557.71,0.033387316,0.075755057,0.482800916
557.914,0.045068638,0.0672466,0.396300613
558.118,0.053115628,0.07075631,0.450586836
558.322,0.038143515,0.06665318,0.469413578
558.526,0.039422342,0.078292901,0.432594123
558.73,0.052216894,0.070749412,0.46853551
558.934,0.046222456,0.066003478,0.458878228
559.138,0.053146853,0.074439159,0.399899799
559.342,0.045437286,0.073410079,0.396592097
559.546,0.045656744,0.074089926,0.448094246
559.75,0.05165191,0.070208652,0.460326409
559.954,0.046532287,0.067781363,0.436274105
560.158,0.052838544,0.070531891,0.440932484
560.362,0.027663361,0.070058478,0.486117952
560.565,0.035450631,0.075226324,0.414120571
560.769,0.045669144,0.072128823,0.488224761
560.973,0.034614647,0.06845319,0.442872278
561.177,0.047109104,0.071465015,0.416299094
561.381,0.050886651,0.075195651,0.41471924
561.585,0.048578491,0.072446796,0.472576677
561.788,0.040399519,0.067018025,0.427444458
561.992,0.035917224,0.0693573,0.434019404
562.196,0.03340721,0.071541783,0.463074821
562.4,0.043286335,0.06606264,0.418356789
562.603,0.03697646,0.070511461,0.424316033
562.807,0.056284574,0.073094535,0.38718042
563.011,0.044485721,0.064954039,0.4365409
563.214,0.0436427,0.069912311,0.467601106
563.418,0.043838172,0.070223991,0.438792326
563.622,0.032759912,0.074944248,0.441096054
563.825,0.046187849,0.068624573,0.433642196
564.029,0.05228543,0.070644046,0.4620182
564.233,0.055212103,0.075625941,0.48089838
564.436,0.040908108,0.07001754,0.448154886
564.64,0.050017115,0.056667362,0.411399489
564.843,0.050896152,0.070613681,0.442706903
565.047,0.051681946,0.076646293,0.414313254
565.25,0.032788884,0.07471317,0.480699397
565.454,0.047589883,0.075530722,0.3993691
565.658,0.038312486,0.067258974,0.444816487
565.861,0.034232812,0.063832119,0.442193542
566.065,0.037915578,0.059353913,0.497486997
566.268,0.034944969,0.062564658,0.426733276
566.471,0.042423761,0.077666401,0.389708312
566.675,0.04161087,0.062546,0.429385005
566.878,0.042687134,0.067903033,0.429637677
567.082,0.03206907,0.066261505,0.416398012
567.285,0.034975857,0.063366939,0.413172841
567.489,0.036837271,0.065394381,0.3866836
567.692,0.060962979,0.070363523,0.413632742
567.895,0.04043236,0.070780104,0.467734749
568.099,0.03498405,0.058367979,0.422899106
568.302,0.044932314,0.062021981,0.415860513
568.505,0.029083422,0.066370649,0.430472463
568.709,0.044058207,0.066027331,0.406525878
568.912,0.045375551,0.075338847,0.437673265
569.115,0.047184836,0.069609835,0.412822662
569.319,0.04558588,0.069285648,0.426366497
569.522,0.042664007,0.077726924,0.419014153
569.725,0.04131978,0.064110987,0.413023799
569.928,0.036468077,0.070911837,0.438836377
570.132,0.045913231,0.071631853,0.467138109
570.335,0.034595121,0.063673743,0.352850503
570.538,0.035585385,0.067618485,0.383338302
570.741,0.045765152,0.070598177,0.417836476
570.944,0.037788718,0.066945854,0.47419377
571.148,0.051191285,0.063160172,0.436074485
571.351,0.042696386,0.063849905,0.398132855
571.554,0.030664676,0.068295638,0.461374563
571.757,0.041220824,0.065096378,0.369315598
571.96,0.033406833,0.067272463,0.396352915
572.163,0.025179846,0.063317708,0.437282948
572.366,0.04202359,0.066334956,0.445988726
572.569,0.046404724,0.071178986,0.374912009
572.772,0.036984673,0.073549173,0.427659543
572.975,0.031768519,0.066222655,0.455681124
573.178,0.048044047,0.065451297,0.490285533
573.381,0.033443362,0.070693221,0.430413179
573.584,0.04020609,0.069318487,0.429232786
573.787,0.042415067,0.065627293,0.396804063
573.99,0.053820734,0.06481004,0.420441975
574.193,0.039179414,0.067223799,0.455689987
574.396,0.042709358,0.067152361,0.435861924
574.599,0.041687576,0.064460714,0.437550945
574.802,0.039801423,0.063933173,0.408915317
575.005,0.044544541,0.056448369,0.379221437
575.208,0.028960157,0.074631022,0.383497525
575.411,0.048480197,0.068364113,0.459786169
575.614,0.033305273,0.07233999,0.421399514
575.817,0.03872071,0.059269166,0.407450438
576.019,0.030878153,0.070538212,0.42055909
576.222,0.050713626,0.066558637,0.420788531
576.425,0.034138133,0.067856227,0.41971891
576.628,0.03950535,0.062674352,0.455167731
576.831,0.041199565,0.062437173,0.427515847
577.033,0.028452006,0.066650707,0.387176304
577.236,0.033075178,0.069823987,0.421172092
577.439,0.035971722,0.068127323,0.394663738
577.642,0.047108997,0.064889475,0.452118821
577.844,0.037066608,0.065878284,0.431443639
578.047,0.029649484,0.058918835,0.37825215
578.25,0.041506093,0.063029207,0.469045777
578.452,0.035729068,0.06226069,0.410639195
578.655,0.040807662,0.065095578,0.438110585
578.858,0.042550813,0.063394591,0.422768614
579.06,0.047737584,0.060165419,0.418029164
579.263,0.045923343,0.064288641,0.4279806
579.465,0.039436286,0.062121381,0.394516475
579.668,0.042841294,0.073916924,0.449905224
579.871,0.046473419,0.064687039,0.372876522
580.073,0.032477242,0.064953088,0.424679172
580.276,0.044798133,0.064740701,0.38049036
580.478,0.055217567,0.062527714,0.385270472
580.681,0.041413554,0.065469772,0.40313597
580.883,0.036141107,0.062876395,0.449053423
581.086,0.041595791,0.066088123,0.454117902
581.288,0.033973692,0.06475889,0.454417596
581.491,0.029150639,0.061348588,0.416982271
581.693,0.045868358,0.066743579,0.38770299
581.896,0.031114827,0.065832176,0.396992474
582.098,0.041917306,0.06545164,0.407030251
582.301,0.036600086,0.063130407,0.400448016
582.503,0.044240984,0.06580394,0.41865819
582.705,0.052279404,0.065296251,0.435102719
582.908,0.040936281,0.061682387,0.375256671
583.11,0.041870816,0.058605293,0.394937952
583.312,0.036579973,0.064489763,0.393552536
583.515,0.031532396,0.064344687,0.430782363
583.717,0.046604431,0.068055673,0.37496575
583.919,0.034289623,0.060196255,0.389953372
584.122,0.040080413,0.064880216,0.446188408
584.324,0.050883653,0.070642578,0.387440438
584.526,0.043670619,0.066340844,0.389692859
584.728,0.042881503,0.058768688,0.404316793
584.931,0.049356341,0.068538621,0.358936475
585.133,0.036314599,0.068726494,0.375174472
585.335,0.042013958,0.06226354,0.395312264
585.537,0.042426847,0.061806598,0.439527048
585.74,0.038223723,0.062459414,0.427912084
585.942,0.044328922,0.064880137,0.403958338
586.144,0.049934296,0.060019009,0.369717602
586.346,0.022332597,0.057154865,0.402244919
586.548,0.040834815,0.060234674,0.402252005
586.75,0.039552658,0.064587107,0.418525355
586.952,0.040250409,0.067586772,0.3891686
587.154,0.031103051,0.063708894,0.422136581
587.357,0.041941981,0.060727722,0.390712233
587.559,0.032460097,0.067770107,0.38069505
587.761,0.034033203,0.064678317,0.386134489
587.963,0.04354149,0.064111326,0.413452455
588.165,0.036583771,0.063004783,0.42637104
588.367,0.04678016,0.068613991,0.370175899
588.569,0.034415038,0.059123568,0.37398271
588.771,0.030170624,0.066938954,0.375605381
588.973,0.049126538,0.063952813,0.38106672
589.175,0.042499208,0.061459351,0.458193106
589.377,0.040302484,0.066534771,0.396503943
589.578,0.029170482,0.064073371,0.412611393
589.78,0.033942155,0.060045134,0.419558909
589.982,0.046932053,0.063209272,0.368012579
590.184,0.024534729,0.066733418,0.390230175
590.386,0.038761011,0.063915144,0.33002451
590.588,0.037880672,0.057086539,0.442567767
590.79,0.038051214,0.054248718,0.387607023
590.992,0.037947288,0.059866105,0.389857184
591.193,0.044745135,0.062085082,0.33416608
591.395,0.027679857,0.063033602,0.415207205
591.597,0.038769258,0.067650615,0.374603745
591.799,0.051809592,0.064516517,0.322817579
592,0.050062758,0.062181218,0.367262381
592.202,0.035486986,0.064006018,0.357911762
592.404,0.037256188,0.059603173,0.362306251
592.606,0.045102671,0.061963645,0.411663724
592.807,0.031248264,0.06084663,0.404291473
593.009,0.044830849,0.058161234,0.305136043
593.211,0.04251524,0.063811572,0.378055842
593.412,0.041075919,0.060992634,0.387278663
593.614,0.029545417,0.063870901,0.379243116
593.816,0.029434418,0.06999249,0.378104061
594.017,0.042014367,0.061644587,0.359763539
594.219,0.032147155,0.063585587,0.374826035
594.421,0.038263292,0.060134481,0.392892481
594.622,0.038101276,0.06429608,0.393000921
594.824,0.034850945,0.062862774,0.410884183
595.025,0.033941421,0.057632737,0.36740226
595.227,0.028307926,0.058658534,0.42641057
595.428,0.047144713,0.062669695,0.420605842
595.63,0.032687219,0.058092939,0.38535012
595.831,0.031409837,0.063709438,0.400648191
596.033,0.035020075,0.054596981,0.38507932
596.234,0.043052997,0.059531265,0.390887172
596.436,0.031997274,0.060112079,0.366225271
596.637,0.038923707,0.069594908,0.425373452
596.839,0.048418684,0.064066371,0.377277765
597.04,0.041951531,0.063828823,0.342861925
597.241,0.03523735,0.057608096,0.358053332
597.443,0.025984655,0.056443418,0.402279425
597.644,0.042216498,0.063410832,0.351762422
597.846,0.032872166,0.064583907,0.385920345
598.047,0.033415074,0.055011481,0.353828225
598.248,0.040210309,0.061005923,0.398558627
598.45,0.034521748,0.055592658,0.394326023
598.651,0.04789569,0.058235393,0.363819006
598.852,0.035014155,0.060130593,0.367291836
599.053,0.046337888,0.057895825,0.397325139
599.255,0.033904132,0.059929425,0.369143621
599.456,0.0343599,0.052713047,0.40346901
599.657,0.052635146,0.060937779,0.353197884
599.858,0.024666011,0.064031883,0.388187644
600.06,0.047602238,0.06016271,0.401626452
600.261,0.045681551,0.056437222,0.337045165
600.462,0.038994858,0.057917249,0.359259106
600.663,0.040090296,0.065976378,0.412694618
600.864,0.032479227,0.059978042,0.370077607
601.066,0.031246162,0.055643624,0.375862242
601.267,0.035107352,0.053022215,0.381873862
601.468,0.038013913,0.056695273,0.418850585
601.669,0.032324611,0.060408041,0.417614754
601.87,0.025589648,0.062156519,0.365613698
602.071,0.042483858,0.059614953,0.361108916
602.272,0.030288385,0.055598011,0.415405322
602.473,0.031034016,0.062398261,0.41405833
602.674,0.035582198,0.056174553,0.38040219
602.875,0.035689125,0.058383936,0.393474621
603.076,0.037433299,0.059597939,0.387830036
603.277,0.042759826,0.055195513,0.368489172
603.478,0.034715004,0.05415533,0.371823496
603.679,0.03157982,0.063184915,0.379219717
603.88,0.043650352,0.059008386,0.390777485
604.081,0.041925365,0.05743418,0.328782402
604.282,0.039041309,0.054806326,0.393074259
604.483,0.036586543,0.060262198,0.320067503
604.684,0.031491352,0.055957399,0.32135706
604.885,0.036474465,0.055316508,0.404089514
605.085,0.037996916,0.05272074,0.335247724
605.286,0.029554008,0.056528931,0.378576567
605.487,0.038410736,0.059882036,0.385772439
605.688,0.042153006,0.05760787,0.387322227
605.889,0.037518253,0.055775363,0.398369505
606.09,0.043754971,0.049211626,0.316902634
606.29,0.039255912,0.062540178,0.375840317
606.491,0.044925367,0.051871447,0.373781496
606.692,0.039879954,0.064318495,0.359671952
606.893,0.033466588,0.052537304,0.36235241
607.093,0.042535028,0.05697564,0.374482672
607.294,0.042279714,0.063627736,0.334606121
607.495,0.043282578,0.05151965,0.347017512
607.695,0.048726149,0.057887402,0.33750997
607.896,0.036586768,0.054601935,0.351543429
608.097,0.034330305,0.054683899,0.347699275
608.297,0.036079959,0.06242625,0.365889325
608.498,0.038507452,0.058354793,0.350850982
608.699,0.041826786,0.057758521,0.36867949
608.899,0.041237265,0.058563824,0.347506731
609.1,0.028782337,0.058788285,0.379856028
609.3,0.025039263,0.053687658,0.299416777
609.501,0.030927694,0.063213698,0.352085827
609.702,0.030707602,0.055938476,0.365588025
609.902,0.034917811,0.052868399,0.348683802
610.103,0.031895248,0.056476476,0.345065434
610.303,0.027081332,0.054305179,0.36232511
610.504,0.037808671,0.056123527,0.359232664
610.704,0.035788651,0.05060847,0.370019072
610.905,0.048781361,0.05716361,0.341800261
611.105,0.043074422,0.054427408,0.374077966
611.305,0.040066637,0.054615576,0.32453029
611.506,0.034101554,0.053946353,0.363551197
611.706,0.038153123,0.048867533,0.318496172
611.907,0.03279808,0.05506559,0.361059229
612.107,0.043834458,0.056760542,0.323244544
612.307,0.039689289,0.055599388,0.378822871
612.508,0.041525473,0.054421315,0.353499455
612.708,0.042243597,0.054840167,0.353572187
612.908,0.035312853,0.063443925,0.380584139
613.109,0.022763275,0.054101758,0.335882855
613.309,0.026421766,0.054936922,0.357614457
613.509,0.036587101,0.054481308,0.32979801
613.71,0.030144712,0.054675075,0.321712155
613.91,0.033936521,0.056758337,0.327231497
614.11,0.02814617,0.050812261,0.387664995
614.31,0.034933325,0.055966139,0.342543523
614.51,0.027423319,0.05430138,0.321960881
614.711,0.037229397,0.055397064,0.316495117
614.911,0.036238053,0.054292755,0.338187289
615.111,0.033796482,0.050028377,0.333786172
615.311,0.037272385,0.055587631,0.372754104
615.511,0.032867249,0.052741162,0.308205435
615.711,0.032000821,0.05261357,0.353172974
615.912,0.035551463,0.055432396,0.316618021
616.112,0.02015462,0.051033108,0.363154482
616.312,0.028036203,0.053521103,0.347055103
616.512,0.04082933,0.05884154,0.368604947
616.712,0.03775775,0.051168878,0.334298604
616.912,0.035009415,0.047260739,0.34322886
617.112,0.035634351,0.050178301,0.309714148
617.312,0.031157273,0.050528874,0.345720663
617.512,0.03548386,0.050444854,0.282848828
617.712,0.034424264,0.05562963,0.334174504
617.912,0.030989939,0.054045997,0.328472693
618.112,0.033511116,0.053136302,0.316609585
618.312,0.035679341,0.05509281,0.329996284
618.512,0.03705929,0.050422402,0.303596019
618.712,0.035666778,0.051543874,0.321889852
618.912,0.040824613,0.053638014,0.326406316
619.112,0.028985917,0.053260097,0.33645003
619.311,0.024887445,0.051094209,0.329439316
619.511,0.03559511,0.051659301,0.330444431
619.711,0.032648321,0.054332758,0.295653578
619.911,0.035623219,0.046929992,0.330380003
620.111,0.026822729,0.050727434,0.290627561
620.311,0.026529621,0.054601162,0.286042317
620.51,0.029368865,0.054642188,0.305318068
620.71,0.03679778,0.050531168,0.285623834
620.91,0.032172569,0.054150856,0.301758981
621.11,0.03577716,0.050512875,0.305168406
621.309,0.031752631,0.057339049,0.317572441
621.509,0.034135777,0.049874485,0.31013684
621.709,0.030746642,0.047081788,0.363399279
621.909,0.034679662,0.050657809,0.333363862
622.108,0.034681441,0.051262653,0.315235153
622.308,0.038674903,0.044628537,0.267197034
622.508,0.035184777,0.048923616,0.30991054
622.707,0.019906524,0.052845363,0.333281489
622.907,0.039391432,0.049130454,0.324101917
623.106,0.029606589,0.053247811,0.32315259
623.306,0.02939391,0.050279499,0.304733237
623.506,0.031682476,0.052128173,0.349812203
623.705,0.035745681,0.045928383,0.304468473
623.905,0.025232631,0.047754369,0.340237018
624.104,0.035736186,0.052953741,0.356312792
624.304,0.031777957,0.045432178,0.334561096
624.503,0.03188624,0.053205739,0.328200148
624.703,0.029619124,0.049569004,0.340667479
624.902,0.033242296,0.048949348,0.298805875
625.102,0.028129774,0.04501836,0.295395456
625.301,0.042183769,0.053958363,0.316794073
625.501,0.03155582,0.042761725,0.31180043
625.7,0.033074967,0.053573801,0.259806643
625.899,0.032863183,0.053655186,0.276727706
626.099,0.035100345,0.042598897,0.298228633
626.298,0.026666361,0.046731579,0.288425051
626.498,0.024443644,0.044120766,0.28765315
626.697,0.032513938,0.049680947,0.328410024
626.896,0.029414388,0.045885262,0.29095959
627.096,0.029156276,0.045150901,0.318748145
627.295,0.033482849,0.048939334,0.313503706
627.494,0.022903206,0.041979531,0.298518264
627.694,0.03266779,0.049638237,0.276738628
627.893,0.029832388,0.043899427,0.315548905
628.092,0.027091064,0.045680742,0.295591321
628.291,0.035070871,0.047246246,0.3220494
628.491,0.01907616,0.048897959,0.323766595
628.69,0.032094372,0.054066665,0.282206986
628.889,0.023797469,0.047487974,0.325819371
629.088,0.026869333,0.041046974,0.225134194
629.287,0.025673814,0.04971064,0.305975681
629.486,0.025354941,0.044083391,0.303916851
629.686,0.030315614,0.045342243,0.276786327
629.885,0.036765786,0.048746205,0.305455218
630.084,0.029386116,0.045924299,0.307365542
630.283,0.025262773,0.047804016,0.322850366
630.482,0.035525723,0.04724341,0.279364329
630.681,0.023571307,0.050371149,0.306375294
630.88,0.029120667,0.05074271,0.299932668
631.079,0.029705468,0.050182195,0.317777471
631.278,0.027041478,0.046022661,0.251471033
631.477,0.033288432,0.044192028,0.361428432
631.676,0.029115707,0.050861497,0.308585163
631.875,0.031563329,0.049605368,0.270147889
632.074,0.030022077,0.045026127,0.289737982
632.273,0.025151918,0.044974875,0.284504322
632.472,0.028647444,0.045213874,0.289735031
632.671,0.027931643,0.042689468,0.279022535
632.87,0.031520974,0.045755543,0.295430261
633.069,0.024251979,0.041448493,0.270682306
633.268,0.023430621,0.047397574,0.286212725
633.467,0.027722,0.046171434,0.25245215
633.666,0.027259112,0.052359982,0.275157622
633.864,0.034258285,0.045515384,0.272737688
634.063,0.028847631,0.040963296,0.294393514
634.262,0.030374165,0.046164346,0.309792151
634.461,0.039716254,0.045066962,0.307171441
634.66,0.025195786,0.046234673,0.322640041
634.858,0.032985902,0.043008555,0.244738037
635.057,0.038071784,0.048546616,0.259770906
635.256,0.028346389,0.047150724,0.262491949
635.455,0.027690681,0.049389157,0.290965704
635.653,0.035803831,0.047893997,0.287305471
635.852,0.03702799,0.048147462,0.2409494
636.051,0.039955499,0.043254414,0.30653429
636.249,0.027091237,0.043536984,0.26362297
636.448,0.008507078,0.040963305,0.267850794
636.647,0.023588994,0.045377035,0.229382682
636.845,0.025212013,0.043011574,0.269665501
637.044,0.036058594,0.043895578,0.247712785
637.243,0.031280548,0.040777676,0.259943236
637.441,0.024950918,0.04761361,0.291421585
637.64,0.029376264,0.044831677,0.315567695
637.838,0.030665196,0.042959905,0.239881257
638.037,0.031611948,0.043460879,0.253712232
638.235,0.024071453,0.036720398,0.264758407
638.434,0.029186032,0.043183852,0.264249907
638.632,0.029897244,0.042470922,0.272353281
638.831,0.023487228,0.037408709,0.25842655
639.029,0.0260959,0.044948657,0.278755223
639.228,0.033057571,0.043847646,0.274795864
639.426,0.027096799,0.044989643,0.276430025
639.625,0.032037191,0.041612882,0.252048967
639.823,0.026382907,0.045627759,0.267133435
640.022,0.033740077,0.041397371,0.292019424
640.22,0.031682618,0.046737232,0.305499231
640.418,0.024941671,0.043041079,0.325460448
640.617,0.020330969,0.042450081,0.240874849
640.815,0.035079214,0.041098355,0.276671615
641.013,0.031555245,0.046946112,0.24997599
641.212,0.026783053,0.039963845,0.234310697
641.41,0.030037078,0.041954487,0.251749264
641.608,0.02675983,0.045349363,0.247546059
641.807,0.026512633,0.044009582,0.248261471
642.005,0.027374531,0.041849819,0.254535926
642.203,0.028866159,0.040225162,0.287797057
642.401,0.01522064,0.045232742,0.247322867
642.6,0.024252476,0.03811001,0.267468612
642.798,0.029338736,0.039942172,0.25330086
642.996,0.022979608,0.043312502,0.276119521
643.194,0.027272873,0.041765373,0.248261891
643.392,0.018943058,0.041315629,0.231437235
643.59,0.037196409,0.039480772,0.236944889
643.789,0.028151836,0.040924613,0.238918445
643.987,0.020077033,0.043194622,0.275571071
644.185,0.018732635,0.041405848,0.283753004
644.383,0.024015314,0.036228258,0.256297808
644.581,0.02942115,0.03913088,0.256738188
644.779,0.025201257,0.037603769,0.2697534
644.977,0.024340771,0.041536582,0.23855446
645.175,0.025141832,0.041223837,0.256123326
645.373,0.022994075,0.041251274,0.277286367
645.571,0.017406014,0.039642437,0.254120693
645.769,0.031465383,0.041071236,0.231311788
645.967,0.025113395,0.034121043,0.26868753
646.165,0.020823958,0.039002352,0.273356713
646.363,0.027863079,0.041026327,0.236897774
646.561,0.033154174,0.041945121,0.241067745
646.759,0.019845474,0.038015062,0.269128345
646.957,0.035689661,0.038879884,0.277989383
647.155,0.017703052,0.039559626,0.259688298
647.353,0.022867433,0.035569963,0.234784622
647.55,0.025952196,0.04276428,0.250727533
647.748,0.026287879,0.038923094,0.205989062
647.946,0.018284114,0.03726504,0.193558697
648.144,0.02643849,0.038733896,0.246390442
648.342,0.018117182,0.037857581,0.257645895
648.54,0.012522893,0.040232864,0.241409031
648.737,0.026779607,0.042040531,0.251821334
648.935,0.020619473,0.038168061,0.220701983
649.133,0.026249456,0.037360365,0.288121685
649.331,0.033577088,0.040263277,0.264467879
649.528,0.015347579,0.041820249,0.244213582
649.726,0.02302151,0.044102417,0.237354348
649.924,0.021921645,0.035778586,0.254692691
650.121,0.023453695,0.041293008,0.270150102
650.319,0.027977887,0.037212332,0.240705787
650.517,0.022814317,0.038740356,0.254385527
650.714,0.02627093,0.044354628,0.261640323
650.912,0.024924854,0.034605208,0.226993458
651.11,0.026679678,0.035829727,0.252733256
651.307,0.017766393,0.035188692,0.257980923
651.505,0.030943929,0.038307819,0.270977288
651.702,0.026262132,0.040621197,0.248699271
651.9,0.018647778,0.034874822,0.233356566
652.097,0.017819287,0.038467243,0.261879519
652.295,0.021857574,0.037934807,0.300242443
652.492,0.023960499,0.03150901,0.235036338
652.69,0.021537545,0.039986861,0.239526099
652.887,0.036080957,0.039142314,0.223641812
653.085,0.021775799,0.029310607,0.241824962
653.282,0.022379345,0.032494307,0.255314864
653.48,0.023361805,0.035833809,0.236468895
653.677,0.027780767,0.036199292,0.244091837
653.874,0.028141065,0.038573653,0.22636426
654.072,0.027845117,0.031261312,0.238903353
654.269,0.015665492,0.037075177,0.247790909
654.467,0.017648844,0.041440725,0.206333256
654.664,0.017859345,0.033599926,0.245266758
654.861,0.023723883,0.03707058,0.264552084
655.059,0.020056651,0.03273599,0.253712982
655.256,0.023746366,0.037171098,0.219390619
655.453,0.019672486,0.033931751,0.236206861
655.65,0.021410174,0.034257487,0.219773302
655.848,0.024687409,0.035477882,0.25600481
656.045,0.025825288,0.03624055,0.207707578
656.242,0.017400925,0.041304054,0.239417929
656.439,0.022923497,0.036136032,0.247230498
656.637,0.024817522,0.035709586,0.222126902
656.834,0.026376504,0.034777766,0.213970784
657.031,0.02606691,0.034773373,0.199046772
657.228,0.019635339,0.037407544,0.216808823
657.425,0.029276387,0.034419979,0.262583457
657.622,0.022293806,0.038772559,0.207518687
657.82,0.026971458,0.037603266,0.251492385
658.017,0.025565323,0.036159153,0.201654098
658.214,0.024218953,0.037655309,0.22274918
658.411,0.021078864,0.036870868,0.240387812
658.608,0.015812842,0.036742259,0.239987804
658.805,0.022533838,0.039036266,0.202124582
659.002,0.030695261,0.036221419,0.195600425
659.199,0.025017434,0.031286511,0.272923788
659.396,0.019011205,0.033526332,0.194501333
659.593,0.020215561,0.037453621,0.236390726
659.79,0.025286538,0.035036242,0.199302189
659.987,0.015364909,0.037778155,0.234259265
660.184,0.017053461,0.039238442,0.235881912
660.381,0.021382704,0.038202229,0.223030783
660.578,0.02641906,0.039671251,0.206169822
660.774,0.021495825,0.035958857,0.201685019
660.971,0.020488778,0.035511505,0.226545288
661.168,0.021682137,0.037403667,0.218893578
661.365,0.018317937,0.036570412,0.219304914
661.562,0.018613462,0.038651973,0.212915925
661.759,0.02440024,0.038314872,0.235715094
661.956,0.025037347,0.033427047,0.196310769
662.152,0.023433847,0.037216466,0.227062495
662.349,0.015511373,0.036417204,0.19343438
662.546,0.016064338,0.0378683,0.215182934
662.743,0.017211324,0.038403273,0.237318982
662.939,0.027194253,0.032944711,0.225674023
663.136,0.018566886,0.04005527,0.251599335
663.333,0.027437096,0.035571572,0.179508559
663.53,0.016505836,0.034969016,0.221508447
663.726,0.031594128,0.037325777,0.275946154
663.923,0.021822745,0.035248796,0.236400859
664.119,0.015227566,0.034387794,0.211340934
664.316,0.023613964,0.032792808,0.215530483
664.513,0.024206493,0.037275224,0.229747488
664.709,0.023681595,0.029878459,0.215399158
664.906,0.023669944,0.034302324,0.207967163
665.103,0.026785548,0.031118022,0.225075688
665.299,0.013413705,0.033292991,0.234640039
665.496,0.024931089,0.033495442,0.212207394
665.692,0.019079936,0.037682607,0.215742121
665.889,0.022868932,0.036884022,0.221760806
666.085,0.017830097,0.033117579,0.198328011
666.282,0.014799244,0.029430647,0.232562314
666.478,0.022352099,0.037435423,0.196721343
666.675,0.026276598,0.032500539,0.247165181
666.871,0.024875304,0.040349084,0.199599206
667.067,0.023570777,0.037102426,0.214006915
667.264,0.01543705,0.035933272,0.230794756
667.46,0.026061059,0.035200209,0.230261716
667.657,0.016194093,0.032662295,0.204562779
667.853,0.024263847,0.035267966,0.241194925
668.049,0.020565883,0.032754713,0.173748662
668.246,0.017740758,0.029411285,0.24015109
668.442,0.023729878,0.037422234,0.219486056
668.638,0.018617217,0.034601763,0.225814451
668.835,0.020507804,0.035092237,0.21413364
669.031,0.019598896,0.033247118,0.204370882
669.227,0.012558818,0.033199236,0.216714725
669.424,0.019612178,0.033804064,0.247754978
669.62,0.018007017,0.034427938,0.254277765
669.816,0.016652177,0.027197285,0.238232192
670.012,0.025865538,0.028443889,0.1888836
670.208,0.019392995,0.039163585,0.245217012
670.405,0.028075077,0.033592089,0.193883478
670.601,0.020478943,0.034742411,0.21718847
670.797,0.01842869,0.034685874,0.231801245
670.993,0.02026975,0.034186796,0.197119286
671.189,0.026738676,0.037459548,0.190507545
671.385,0.01837478,0.033494382,0.176545105
671.581,0.019090954,0.034640633,0.234499233
671.777,0.019676209,0.031622053,0.23162593
671.974,0.023727494,0.037888494,0.213586415
672.17,0.027055374,0.029332226,0.229304876
672.366,0.026948313,0.032773548,0.186673417
672.562,0.023949277,0.028288051,0.182042951
672.758,0.026082878,0.030925259,0.207224936
672.954,0.019375504,0.028996629,0.184573385
673.15,0.021424075,0.031353308,0.230296016
673.346,0.018738559,0.03391931,0.201771431
673.542,0.024135047,0.032124974,0.243956689
673.737,0.018879867,0.034721745,0.220417821
673.933,0.022075535,0.030320123,0.209913015
674.129,0.021718417,0.034645953,0.245079842
674.325,0.02167353,0.033603628,0.219275237
674.521,0.023327325,0.034999097,0.187230875
674.717,0.02251593,0.034789018,0.194440679
674.913,0.022890152,0.031679262,0.219007576
675.109,0.016566198,0.035164672,0.180503889
675.304,0.017543143,0.033791934,0.22323712
675.5,0.016640067,0.034046154,0.210636549
675.696,0.025197777,0.030925652,0.197895974
675.892,0.02633106,0.033468557,0.203162981
676.088,0.013797804,0.034760957,0.192573197
676.283,0.013650574,0.030724238,0.200739094
676.479,0.024775674,0.032903903,0.198668203
676.675,0.025180127,0.030702663,0.197255055
676.87,0.013466411,0.031723093,0.237075345
677.066,0.022172961,0.033560147,0.233750955
677.262,0.014948714,0.034826326,0.198799452
677.457,0.026562705,0.033031914,0.215456254
677.653,0.017412636,0.031165542,0.215277272
677.849,0.01722453,0.033268111,0.235300431
678.044,0.009952812,0.035843663,0.228426087
678.24,0.02020368,0.032557788,0.195220941
678.435,0.025806402,0.035759924,0.186784719
678.631,0.02229743,0.030505203,0.186346811
678.827,0.022780438,0.035473183,0.200913745
679.022,0.024932726,0.032689491,0.220889319
679.218,0.017919952,0.030990988,0.216436928
679.413,0.020916268,0.034782615,0.228877557
679.609,0.011655128,0.031528539,0.207213068
679.804,0.021300765,0.030335722,0.216092612
680,0.030189861,0.036085732,0.20830883
680.195,0.008354546,0.031625084,0.182412791
680.39,0.02983102,0.030378095,0.20303149
680.586,0.016072886,0.029829326,0.196679557
680.781,0.022469881,0.031551871,0.170287674
680.977,0.011417576,0.0289946,0.20311559
681.172,0.018110968,0.031144417,0.233985055
681.367,0.023579842,0.03255,0.224420042
681.563,0.014321048,0.032206175,0.208582059
681.758,0.023032224,0.034307133,0.211221506
681.953,0.02054212,0.029342444,0.199684472
682.149,0.018878836,0.028826062,0.207973163
682.344,0.016134055,0.031139662,0.210706064
682.539,0.019535571,0.033478188,0.177082315
682.735,0.016264011,0.031654103,0.187013086
682.93,0.020924112,0.03469016,0.196910516
683.125,0.022434475,0.033627488,0.235253925
683.32,0.024847739,0.030885625,0.202073296
683.515,0.017785905,0.034089138,0.189399489
683.711,0.019669272,0.026700254,0.197584625
683.906,0.026977057,0.035759773,0.207106225
684.101,0.02261908,0.034491116,0.207507723
684.296,0.011717925,0.034159222,0.197481517
684.491,0.02178254,0.035866123,0.238374076
684.686,0.014675341,0.033490738,0.200569095
684.881,0.022720544,0.030574697,0.227314329
685.076,0.024935057,0.034900486,0.185643332
685.272,0.017854455,0.026470019,0.178628127
685.467,0.018042192,0.02992456,0.238760458
685.662,0.015322707,0.029849478,0.183385305
685.857,0.009234388,0.030726333,0.192923355
686.052,0.017249502,0.035600764,0.209164818
686.247,0.020079231,0.029848146,0.223438133
686.442,0.019119768,0.03314711,0.184382329
686.637,0.017967303,0.032315327,0.178991621
686.832,0.020057704,0.028423448,0.208099391
687.026,0.023030635,0.03128511,0.2407896
687.221,0.023465621,0.033211415,0.200372566
687.416,0.02190713,0.031416078,0.168776213
687.611,0.023629005,0.03109931,0.224712923
687.806,0.014972994,0.032412552,0.217995369
688.001,0.01232451,0.034498857,0.190095518
688.196,0.027832697,0.034858364,0.170220651
688.391,0.019697371,0.032248741,0.202408222
688.585,0.004736009,0.030973271,0.226693838
688.78,0.016005803,0.032832561,0.176511937
688.975,0.025215699,0.026339254,0.212193166
689.17,0.017980921,0.031564061,0.227593474
689.365,0.020128874,0.033427107,0.200223105
689.559,0.017574048,0.032583625,0.217892221
689.754,0.023313055,0.033595651,0.17811308
689.949,0.016657409,0.02974279,0.208560802
690.143,0.02172435,0.028694407,0.19420119
690.338,0.014175692,0.032470528,0.230971433
690.533,0.02343027,0.033203363,0.204315929
690.727,0.015854313,0.028654689,0.233515036
690.922,0.018631767,0.033735815,0.203898751
691.117,0.020305299,0.02861548,0.207741186
691.311,0.015020951,0.034107808,0.196765173
691.506,0.027359432,0.03601078,0.225900413
691.7,0.011284666,0.030955765,0.192157717
691.895,0.021009737,0.033261965,0.227286963
692.09,0.013938681,0.02979137,0.188117201
692.284,0.015849023,0.034851191,0.179074839
692.479,0.018469814,0.033187034,0.190940641
692.673,0.011746866,0.032513506,0.205707142
692.868,0.0179947,0.030234991,0.183383858
693.062,0.019354478,0.030321174,0.157497063
693.256,0.016253716,0.028008631,0.198812267
693.451,0.019620487,0.033667702,0.194446748
693.645,0.02703617,0.028740834,0.196116175
693.84,0.01260498,0.030263213,0.196891715
694.034,0.021291252,0.034089054,0.212493456
694.229,0.020262896,0.031584707,0.209316136
694.423,0.016737225,0.036517198,0.207338471
694.617,0.022756413,0.029477109,0.163346862
694.812,0.012661677,0.033414204,0.1907707
695.006,0.014875387,0.031260326,0.201212218
695.2,0.019832353,0.026516603,0.216365549
695.395,0.012246788,0.025600527,0.185097304
695.589,0.016946501,0.029523459,0.200922366
695.783,0.030714389,0.031792444,0.230455003
695.977,0.021217775,0.028569728,0.195988706
696.172,0.020109912,0.029946517,0.247507432
696.366,0.013946769,0.030793644,0.20054393
696.56,0.012418066,0.028734076,0.20520428
696.754,0.014847281,0.03354277,0.211728339
696.948,0.02529759,0.024950684,0.188028476
697.142,0.017465426,0.032544748,0.193233968
697.337,0.016820997,0.028414156,0.176004136
697.531,0.015786098,0.030959682,0.183589882
697.725,0.013184682,0.032359844,0.180671732
697.919,0.026523994,0.031867111,0.201741455
698.113,0.021509995,0.028867434,0.199244919
698.307,0.012213612,0.034979796,0.194931686
698.501,0.017852698,0.03045098,0.195113045
698.695,0.018145548,0.029491645,0.197985548
698.889,0.015607721,0.028247736,0.16189779
699.083,0.014034259,0.030837868,0.172931227
699.277,0.013411072,0.038534201,0.217356845
699.471,0.013695642,0.033338897,0.222827406
699.665,0.022215768,0.035740861,0.223251735
699.859,0.01813337,0.026538608,0.209722333
700.053,0.014969944,0.03042362,0.194471971
700.247,0.018183917,0.031024532,0.157393723
700.441,0.020445505,0.030215232,0.189202282
700.635,0.016609975,0.031309091,0.194168983
700.829,0.014872615,0.029444177,0.203952413
701.023,0.020738832,0.028974796,0.206848077
701.216,0.017178189,0.029464163,0.171172746
701.41,0.008765278,0.033508924,0.234389058
701.604,0.007946776,0.025999797,0.191695879
701.798,0.016780808,0.026573548,0.187451583
701.992,0.020848485,0.030541791,0.202574637
702.185,0.008564156,0.032145439,0.181789621
702.379,0.019278612,0.031059738,0.176525054
702.573,0.014503751,0.029491048,0.198203801
702.767,0.018234875,0.0287881,0.187716424
702.96,0.022097005,0.030346847,0.212512422
703.154,0.020918666,0.027661051,0.166227848
703.348,0.015471889,0.033096677,0.172262094
703.541,0.023857689,0.032786755,0.202556499
703.735,0.022702961,0.031836368,0.160534724
703.929,0.020666695,0.029956608,0.216841894
704.122,0.020380747,0.028535292,0.174367438
704.316,0.014832942,0.030763006,0.234231012
704.509,0.019517364,0.035921518,0.211663948
704.703,0.016147246,0.031257223,0.185589096
704.897,0.016974283,0.028187576,0.192008662
705.09,0.022723445,0.033024499,0.179476962
705.284,0.016475703,0.030092391,0.19578703
705.477,0.029520686,0.030475033,0.182453291
705.671,0.014742025,0.03161025,0.169615147
705.864,0.021712745,0.033847717,0.182436585
706.058,0.023480355,0.030037601,0.173336842
706.251,0.009270027,0.031086769,0.178523451
706.445,0.017283111,0.029732644,0.190323142
706.638,0.021580011,0.030798111,0.219702654
706.831,0.017787182,0.027101064,0.17913701
707.025,0.019598663,0.031239203,0.195255897
707.218,0.017846168,0.029063725,0.150542135
707.411,0.021995086,0.028859001,0.1981997
707.605,0.017996905,0.028940105,0.200161936
707.798,0.015280221,0.030328076,0.182929818
707.991,0.019605245,0.032441938,0.218745644
708.185,0.021538248,0.028070163,0.144503824
708.378,0.012950957,0.028045664,0.208665829
708.571,0.018376347,0.029420334,0.177418163
708.765,0.019582744,0.029648393,0.188021336
708.958,0.014826354,0.032968087,0.170197835
709.151,0.027087327,0.028786896,0.186928478
709.344,0.024181242,0.031063859,0.164683354
709.537,0.013923489,0.031540729,0.180738205
709.731,0.020514725,0.032303427,0.18871191
709.924,0.019766835,0.029425369,0.188522554
710.117,0.012336837,0.029735073,0.209120416
710.31,0.020203749,0.031403779,0.183083096
710.503,0.00879843,0.034680098,0.189260707
710.696,0.013488102,0.02844311,0.224736378
710.889,0.015792191,0.028066103,0.183983198
711.083,0.015819505,0.031170646,0.170782976
711.276,0.011073369,0.027081921,0.193477016
711.469,0.022344607,0.028566063,0.158515315
711.662,0.017866135,0.0307736,0.179171471
711.855,0.019751201,0.029095091,0.222631389
712.048,0.018113838,0.030548416,0.203510354
712.241,0.01367368,0.0289596,0.215452194
712.434,0.012531192,0.03484029,0.184351814
712.627,0.021226262,0.027758568,0.223193047
712.82,0.020765773,0.02922564,0.189512832
713.012,0.02464895,0.029784906,0.203408426
713.205,0.015950235,0.030656022,0.214478912
713.398,0.015114859,0.028957535,0.179785607
713.591,0.015259812,0.029310481,0.194288059
713.784,0.011732269,0.032394571,0.229754067
713.977,0.014637833,0.029814809,0.168798141
714.17,0.0164998,0.026583668,0.1938341
714.363,0.013743686,0.027940693,0.192614767
714.555,0.016890192,0.027906966,0.167822283
714.748,0.022473902,0.030873516,0.18583301
714.941,0.010885665,0.030986787,0.172630968
715.134,0.024423719,0.02659361,0.169699093
715.326,0.013222424,0.030348879,0.191157436
715.519,0.011849665,0.026993496,0.211861986
715.712,0.030303825,0.029911251,0.205659553
715.905,0.013433661,0.029439926,0.159162954
716.097,0.01736005,0.030367946,0.178231407
716.29,0.01992053,0.029232711,0.172474961
716.483,0.010286324,0.029398592,0.171122843
716.675,0.010959592,0.027211797,0.181259851
716.868,0.016511594,0.031479126,0.182605709
717.06,0.022096892,0.027819988,0.239672847
717.253,0.018810688,0.029082733,0.177746483
717.446,0.01286998,0.027261335,0.166457602
717.638,0.010641122,0.028214113,0.160427094
717.831,0.015078178,0.027269124,0.200578749
718.023,0.020730014,0.028225666,0.204336045
718.216,0.012265966,0.025351701,0.172038979
718.408,0.024132556,0.031320008,0.196879288
718.601,0.015784077,0.032984026,0.174846072
718.793,0.024023856,0.029983672,0.185112074
718.986,0.01507113,0.030446057,0.179830709
719.178,0.015864504,0.02885419,0.199379622
719.371,0.025161642,0.02706506,0.193893387
719.563,0.018685534,0.033880187,0.194682996
719.755,0.020430571,0.029725237,0.204271456
719.948,0.014866223,0.027852596,0.188542624
720.14,0.025750068,0.032034599,0.191999246
720.332,0.019519519,0.0295208,0.195681662
720.525,0.024172145,0.034319331,0.160432986
720.717,0.017728488,0.028831623,0.215214106
720.909,0.01489006,0.031588162,0.195560607
721.102,0.016760875,0.030477322,0.171645135
721.294,0.016061779,0.030939115,0.18863418
721.486,0.016520477,0.024584818,0.167270074
721.678,0.021701617,0.027567979,0.194679218
721.871,0.014722286,0.029900479,0.185394607
722.063,0.015718749,0.023764553,0.191060606
722.255,0.021714519,0.030183473,0.188704761
722.447,0.011304255,0.025864298,0.194365616
722.639,0.012523673,0.021377762,0.175876444
722.832,0.016839338,0.028110387,0.184604079
723.024,0.017155469,0.029143176,0.166065221
723.216,0.010053976,0.028871159,0.219764842
723.408,0.021343037,0.031666723,0.188165054
723.6,0.020058267,0.030286397,0.127433986
723.792,0.021837466,0.026816633,0.19067129
723.984,0.01983012,0.029891795,0.177831209
724.176,0.018817753,0.029577791,0.180964018
724.368,0.015685737,0.028147302,0.192739834
724.56,0.016942943,0.022925433,0.180576483
724.752,0.010337099,0.029645714,0.184990342
724.944,0.018132385,0.03039229,0.198530497
725.136,0.021586341,0.031269829,0.159626674
725.328,0.018051037,0.029967779,0.187048223
725.52,0.02419048,0.028249222,0.197491833
725.712,0.010609745,0.031347461,0.153417057
725.904,0.012944383,0.027080914,0.185374619
726.096,0.017512207,0.032431176,0.208915947
726.288,0.015653108,0.028164848,0.1726882
726.48,0.015497742,0.03178641,0.200371937
726.671,0.020161434,0.027371932,0.17986218
726.863,0.02015196,0.030578599,0.147991544
727.055,0.018753281,0.025664244,0.196510605
727.247,0.018996691,0.026942902,0.18046072
727.439,0.021512695,0.025269603,0.206360607
727.63,0.02350813,0.028574102,0.177016623
727.822,0.013725307,0.023290176,0.171148068
728.014,0.017921556,0.031040006,0.197595564
728.206,0.012831949,0.028045423,0.193328601
728.397,0.016675886,0.028950072,0.180805465
728.589,0.015363351,0.030093561,0.192994284
728.781,0.014074573,0.025087425,0.131760311
728.972,0.011197084,0.028536174,0.170565534
729.164,0.020744936,0.033295131,0.153928867
729.356,0.020123006,0.027143384,0.202837069
729.547,0.014858037,0.028704293,0.185415815
729.739,0.022347731,0.029121151,0.209210047
729.93,0.023197176,0.024100302,0.190429803
730.122,0.023936191,0.027384479,0.198568351
730.314,0.019365081,0.031559313,0.181420819
730.505,0.015146622,0.026940992,0.180045765
730.697,0.018392554,0.030148237,0.173784273
730.888,0.017854245,0.027861299,0.188352788
731.08,0.018688601,0.022877724,0.176061
731.271,0.016223386,0.026748319,0.189593315
731.463,0.0200318,0.029505669,0.161874037
731.654,0.02091062,0.027115144,0.199349132
731.845,0.016014757,0.029632296,0.19513734
732.037,0.020883623,0.025985627,0.151000595
732.228,0.017752976,0.028101813,0.169959039
732.42,0.021302859,0.027816815,0.159553352
732.611,0.025213087,0.02860397,0.178082564
732.802,0.018578614,0.025849599,0.157476528
732.994,0.018617902,0.025953002,0.210070276
733.185,0.017012279,0.03078502,0.162202936
733.376,0.018658506,0.026088253,0.154233342
733.568,0.023055916,0.034634814,0.157628802
733.759,0.014370307,0.028487989,0.179733503
733.95,0.017971556,0.0280174,0.180455742
734.141,0.021285759,0.029918508,0.182028578
734.333,0.019639212,0.025790174,0.177260496
734.524,0.014036043,0.03375122,0.172430478
734.715,0.018263306,0.029292973,0.165528222
734.906,0.02104476,0.029147606,0.173631667
735.097,0.012792009,0.032786043,0.146819198
735.289,0.017791975,0.030890481,0.189024418
735.48,0.016404135,0.03176179,0.191784425
735.671,0.021350701,0.029705848,0.195537111
735.862,0.005569756,0.030985856,0.138109305
736.053,0.010839326,0.029140651,0.170610822
736.244,0.025579828,0.029031691,0.179135791
736.435,0.015023837,0.027814638,0.214585354
736.626,0.02078575,0.037208542,0.230956681
736.817,0.018743133,0.032306372,0.206466139
737.008,0.01431974,0.030922284,0.178800202
737.199,0.021732463,0.033665629,0.180179711
737.39,0.02357942,0.032428018,0.208223476
737.581,0.020737433,0.025780561,0.205192924
737.772,0.023239083,0.027387591,0.181420872
737.963,0.01003068,0.036551503,0.21293649
738.154,0.021322145,0.028097824,0.182488556
738.345,0.012594799,0.034596273,0.183625341
738.536,0.016320011,0.028040227,0.185687096
738.727,0.012885511,0.03024994,0.208494648
738.918,0.021253518,0.029492891,0.176592293
739.108,0.009796607,0.030217632,0.180684204
739.299,0.019715272,0.027430193,0.186346305
739.49,0.019924016,0.034292539,0.169600126
739.681,0.021456311,0.031707179,0.181298526
739.872,0.0270294,0.026089498,0.194326993
740.062,0.013568385,0.028900981,0.192871045
740.253,0.028638442,0.0336548,0.162705759
740.444,0.016894279,0.029439617,0.18513034
740.635,0.017900573,0.034024339,0.203920033
740.825,0.015324166,0.032993537,0.161609564
741.016,0.018614913,0.029748791,0.18845231
741.207,0.030385228,0.032058084,0.207035367
741.397,0.020390972,0.032929,0.218883766
741.588,0.020289655,0.034866119,0.223486809
741.779,0.026960014,0.036358095,0.210833262
741.969,0.02609018,0.034035288,0.221846958
742.16,0.036692629,0.036589974,0.23272792
742.351,0.026922367,0.036215322,0.242371553
742.541,0.030353392,0.03417838,0.219730776
742.732,0.026788769,0.035537972,0.266991821
742.922,0.031102971,0.03302692,0.229090459
743.113,0.028066895,0.03760491,0.215227117
743.303,0.024876108,0.034714338,0.221912365
743.494,0.025104366,0.036013174,0.230315637
743.684,0.028736548,0.032328372,0.253970237
743.875,0.026505348,0.038791208,0.253898649
744.065,0.026485935,0.034740723,0.255295189
744.256,0.030690556,0.037946977,0.224850477
744.446,0.029875541,0.040617184,0.256529231
744.636,0.031064376,0.039293672,0.25309715
744.827,0.034110228,0.033959516,0.241362011
745.017,0.023107368,0.041498285,0.222931945
745.207,0.030805619,0.036728286,0.262806479
745.398,0.02895448,0.042658335,0.272729194
745.588,0.032144919,0.042237442,0.287912061
745.778,0.044027372,0.045728156,0.283470189
745.969,0.042881507,0.041020992,0.261168971
746.159,0.055019444,0.043651648,0.304482408
746.349,0.043472606,0.048621151,0.288753092
746.539,0.049122153,0.04954176,0.308881043
746.73,0.041249459,0.053073683,0.321108363
746.92,0.07062059,0.059186221,0.392859238
747.11,0.080606102,0.067706474,0.464252307
747.3,0.108445821,0.086262306,0.546824152
747.49,0.12836808,0.097076911,0.627522934
747.681,0.16889686,0.117569422,0.794211937
747.871,0.166183055,0.123654511,0.818193212
748.061,0.222157565,0.151653589,0.976374672
748.251,0.250691223,0.163349056,1.079625929
748.441,0.312798437,0.199596219,1.281198193
748.631,0.30784474,0.195188551,1.313026095
748.821,0.36930438,0.231007699,1.514049399
749.011,0.364929212,0.22939154,1.528494415
749.201,0.430740154,0.261378174,1.765713661
749.391,0.403495928,0.253305034,1.634305227
749.581,0.443238442,0.270070348,1.834095312
749.771,0.415653638,0.248485811,1.650373083
749.961,0.438943132,0.274560031,1.795437494
750.151,0.406980929,0.252224569,1.660536348
750.341,0.433343066,0.271734003,1.784789224
750.531,0.394637101,0.243700437,1.624884644
750.721,0.462993192,0.278547462,1.871472807
750.911,0.444465466,0.269865321,1.786125649
751.101,0.524885656,0.31510991,2.0977133
751.29,0.474288136,0.291546119,1.922262439
751.48,0.545651205,0.325758886,2.133849125
751.67,0.530305538,0.316386896,2.09432466
751.86,0.531644049,0.326260574,2.111720234
752.05,0.492054736,0.293645578,1.94280239
752.24,0.538810229,0.316150811,2.092500671
752.429,0.490172377,0.296698094,1.947081122
752.619,0.545829854,0.32469048,2.154628495
752.809,0.469355254,0.280033249,1.881722361
752.998,0.46938076,0.2826441,1.876613864
753.188,0.385907905,0.23273822,1.542473469
753.378,0.366122651,0.226700545,1.512567266
753.568,0.297012609,0.184307095,1.231050474
753.757,0.259814838,0.171427192,1.138972524
753.947,0.187111689,0.129856179,0.811370815
754.136,0.174032149,0.112026091,0.78269322
754.326,0.13466519,0.09343799,0.651674659
754.516,0.139587919,0.096879112,0.648514891
754.705,0.138417151,0.102597982,0.639055921
754.895,0.203354664,0.129928402,0.87831714
755.084,0.291802011,0.179986429,1.21372233
755.274,0.555455452,0.32114365,2.11045004
755.463,0.841761953,0.460183177,3.125013233
755.653,1.365423186,0.737704767,4.902750976
755.842,1.823583112,0.984016459,6.556808024
756.032,2.434507083,1.292927674,8.66289434
756.221,2.595593521,1.401981717,9.335538806
756.411,2.93875403,1.590440059,10.53838192
756.6,3.246797406,1.758863551,11.73630518
756.789,3.889952154,2.10312051,13.97112979
756.979,4.413586692,2.380322068,15.90449421
757.168,5.224269701,2.812120085,18.65141137
757.358,5.958684776,3.206919399,21.24376971
757.547,6.733536033,3.637106736,24.11533367
757.736,7.216768374,3.924753108,25.89370943
757.926,7.867413863,4.251921853,28.14177676
758.115,8.220044668,4.430399496,29.3334076
758.304,9.335775514,5.041628442,33.5924653
758.493,9.714526049,5.255990544,34.9938508
758.683,10.35510707,5.609686176,37.32574702
758.872,10.26956131,5.57179658,37.13523743
759.061,10.26830169,5.588504175,37.03574402
759.25,10.60994918,5.798348304,38.44203367
759.439,11.42821521,6.251990168,41.4184101
759.629,12.56236828,6.881639845,45.63717377
759.818,14.07169864,7.709863643,51.08409161
760.007,15.96357544,8.738728082,57.91164627
760.196,16.98094695,9.278785785,61.52482643
760.385,16.8389198,9.166505205,60.94317772
760.574,16.36001522,8.879978299,59.09468573
760.763,15.30771654,8.290225178,55.2696492
760.952,14.06732729,7.615489327,50.90339529
761.141,13.66294363,7.425857516,49.56734421
761.33,14.28894619,7.798721748,51.95760985
761.519,15.29706345,8.325863011,55.5437613
761.708,16.0632646,8.746299045,58.37688322
761.897,15.82143409,8.56724546,57.45733676
762.086,15.21375652,8.218778223,55.15237444
762.275,13.8776204,7.495064944,50.41045731
762.464,13.44240344,7.271986272,48.85031827
762.653,12.93880522,7.036064861,47.18418808
762.842,13.28844104,7.275846525,48.61650805
763.031,12.80690368,7.016062556,46.91700441
763.22,12.61952075,6.932325096,46.21217123
763.409,11.92619626,6.545217744,43.81106209
763.597,12.05301293,6.61950729,44.21955473
763.786,12.08208408,6.651447225,44.4412002
763.975,12.61275931,6.968396188,46.41753157
764.164,13.53060828,7.504716819,49.88585235
764.353,14.72688459,8.180432426,54.48749125
764.541,15.36779756,8.541123676,56.74869094
764.73,16.31652372,9.07077424,60.1788251
764.919,16.29454703,9.022833948,60.03981883
765.108,17.32960637,9.567281433,63.70930546
765.296,17.70112197,9.743626756,65.03445426
765.485,18.45329025,10.16959497,67.81058736
765.674,19.05597567,10.48576069,70.01172314
765.862,19.92861591,11.03715551,73.40168378
766.051,20.82084938,11.55916501,76.74415832
766.239,22.68313423,12.61097895,83.62815406
766.428,24.23672581,13.43436306,89.3456928
766.617,26.17915319,14.49695667,96.51615534
766.805,26.94770908,14.88154509,99.20100328
766.994,27.01752501,14.93411753,99.6639279
767.182,27.34588111,15.08718443,100.8139126
767.371,28.1289087,15.54924098,103.7137428
767.559,27.84582829,15.39713267,102.7789541
767.748,27.13833605,15.00865104,100.1193713
767.936,26.24382483,14.53613743,97.06285958
768.125,26.64287991,14.79833074,98.52094252
768.313,27.47179973,15.2581907,101.5557999
768.502,29.60505862,16.3960106,109.4180492
768.69,31.77078362,17.51631019,117.2117119
768.878,34.08626689,18.74203673,125.7097933
769.067,34.22122913,18.75794229,126.2394202
769.255,32.75948658,17.94916209,121.1424478
769.444,31.33354955,17.16262716,115.7473771
769.632,29.33567908,16.08044005,108.5655714
769.82,27.82385747,15.26552659,103.0728124
770.008,27.10780987,14.86391886,100.4017506
770.197,26.14620174,14.38179911,97.18004921
770.385,25.01571581,13.77322293,93.00592458
770.573,23.33878392,12.85501635,86.87092423
770.761,21.95027632,12.11810159,81.57896659
770.95,20.79500807,11.47316945,77.53977517
771.138,20.24999102,11.22353821,75.68358008
771.326,19.92124707,11.04975933,74.25466399
771.514,20.10268797,11.19720446,75.06572996
771.702,21.30994545,11.86265271,79.45047349
771.891,21.86392758,12.17826691,81.49620732
772.079,22.51274618,12.48309226,83.64349876
772.267,23.8667971,13.23523369,88.99985621
772.455,25.32274936,14.02109819,94.16502975
772.643,26.47382666,14.67131384,98.43534075
772.831,28.20598925,15.59029109,104.7313038
773.019,29.99041616,16.57624062,111.4722989
773.207,31.2310017,17.22648993,115.8769069
773.395,32.66770081,18.00511382,121.1780194
773.583,31.96002096,17.64469822,118.6110007
773.771,31.05306453,17.14633161,115.3732537
773.959,29.76978112,16.45308205,110.6450961
774.147,29.40643301,16.23907305,109.2778413
774.335,29.5466275,16.33196012,109.8569961
774.523,30.4336944,16.80664463,113.2856878
774.711,31.69987294,17.46903326,117.8932195
774.899,32.49121703,17.91926976,120.8945235
775.087,32.6182342,18.00589392,121.457108
775.274,33.02736912,18.23449832,123.1169972
775.462,33.70016755,18.66585762,125.7741117
775.65,34.98528574,19.36557515,130.5326842
775.838,36.21307426,20.03432804,134.8861728
776.026,36.10608432,19.95116745,134.5584371
776.213,35.93140448,19.79861189,133.9296629
776.401,35.73142366,19.67419246,133.1376397
776.589,33.29786912,18.29040925,124.0931427
776.777,30.70575615,16.88247302,114.4073743
776.964,28.82223421,15.85127785,107.491601
777.152,27.26572867,15.01004689,101.6858315
777.34,26.1738607,14.4468448,97.69021423
777.527,24.94898507,13.7571625,93.27052096
777.715,23.99468644,13.23802892,89.6521271
777.903,23.66009145,13.02248224,88.39716765
778.09,23.31566256,12.79462134,86.97010497
778.278,22.51242305,12.35239003,84.15017271
778.465,21.36347718,11.71637386,79.89471429
778.653,21.27658225,11.69955441,79.58764621
778.841,21.7725013,11.98799642,81.56272915
779.028,21.99883536,12.13748887,82.37557325
779.216,23.18004845,12.79793196,86.83867856
779.403,25.46299638,14.04811576,95.15868565
779.591,28.24307202,15.57289523,105.800398
779.778,30.46966865,16.79166016,113.8282277
779.966,31.11804208,17.1282597,116.1493511
780.153,31.49254833,17.3610289,117.7816452
780.34,31.23502933,17.21470629,116.8874722
780.528,30.43642788,16.79538092,113.8516404
780.715,29.16475424,16.09940684,109.1589721
780.903,28.54369097,15.76977403,106.6247845
781.09,27.80083535,15.34753935,103.9844202
781.277,26.54818633,14.64639604,99.23190419
781.465,25.48377978,14.0342946,95.25789255
781.652,23.9646154,13.20211013,89.80784223
781.839,23.3152695,12.82948396,87.27395776
782.027,22.63727322,12.45430276,84.93923216
782.214,22.11593655,12.15474075,83.09450799
782.401,21.57470018,11.86423644,81.08328832
782.588,21.2860208,11.72876125,80.08868749
782.776,21.41628494,11.82549104,80.53130892
782.963,21.36959845,11.8377935,80.41063908
783.15,21.3728537,11.85075278,80.55108494
783.337,21.26363849,11.76935992,80.02507248
783.524,20.20514884,11.17571176,75.99785717
783.711,18.71870012,10.35709966,70.49354227
783.898,18.11678057,10.00818497,68.23123035
784.086,17.39970418,9.618708395,65.64154332
784.273,16.71441036,9.256017015,63.06447629
784.46,16.20288488,8.952712898,61.21104715
784.647,15.86338259,8.770589402,59.90736146
784.834,15.48574634,8.562301624,58.61594532
785.021,15.52430006,8.606883523,58.67062435
785.208,15.64112322,8.655564034,59.21618747
785.395,15.40716478,8.532293811,58.33174258
785.582,14.4998438,8.021312365,54.92897341
785.769,14.50878257,8.034361239,55.09442975
785.956,14.56765981,8.081472538,55.42496607
786.143,15.36245136,8.513912612,58.34809584
786.33,15.45830035,8.536244133,58.67693816
786.516,15.21996571,8.408618372,57.75479819
786.703,14.28192623,7.896444449,54.29242677
786.89,13.60993226,7.536877412,51.75529423
787.077,12.84297269,7.113566146,48.85320033
787.264,12.80903593,7.086651767,48.68952363
787.451,12.49696228,6.922398509,47.45531007
787.638,12.46923548,6.903869962,47.30269244
787.824,12.15289407,6.728255214,46.26517474
788.011,11.87634772,6.576015685,45.06332169
788.198,11.65449304,6.438856984,44.18062665
788.385,11.58212661,6.411688545,44.00957029
788.571,11.36045477,6.282197379,43.17562118
788.758,11.23005384,6.21574295,42.64686418
788.945,11.07233256,6.129146981,42.21077947
789.131,11.05831071,6.121086222,41.99346377
789.318,11.02485397,6.110651596,41.95149288
789.505,11.45780427,6.36694697,43.65704251
789.691,11.7387592,6.508014998,44.55710567
789.878,12.17201561,6.78466927,46.45666921
790.064,12.3138051,6.841178665,46.77427155
790.251,12.26766696,6.801799103,46.56807396
790.438,12.50105651,6.918577746,47.44531917
790.624,12.94156337,7.15680629,49.09109803
790.811,12.97990877,7.173916006,49.30262012
790.997,13.32162716,7.390449775,50.65288379
791.184,13.96252034,7.7560655,53.09540833
791.37,14.5129172,8.08874052,55.16034092
791.557,14.89107025,8.275213989,56.58563798
791.743,15.07294768,8.408531525,57.33860276
791.93,15.66601562,8.730110757,59.63479573
792.116,16.57637265,9.254673906,63.1688382
792.302,17.4189831,9.715019214,66.29022964
792.489,18.10343348,10.09957868,68.87320487
792.675,17.79175745,9.913173249,67.66667428
792.861,17.95834978,9.98524975,68.21764042
793.048,18.42150328,10.22414079,69.98455153
793.234,19.01140039,10.5513599,72.29135792
793.42,19.23806139,10.66803222,72.98360159
793.607,19.28215475,10.66360969,73.27029675
793.793,19.49260479,10.78881132,74.00367761
793.979,20.05087104,11.08263478,76.06028776
794.165,20.12431961,11.12619763,76.43586204
794.352,20.55707029,11.31873421,78.00461729
794.538,19.99923065,11.00723628,76.06754669
794.724,20.0265226,11.03069418,76.09480748
794.91,19.48023477,10.75248221,74.09921733
795.096,19.16300557,10.58368302,72.91198513
795.283,18.45168284,10.2065694,70.28829934
795.469,18.16018932,10.04103798,69.03191452
795.655,18.01292117,9.946136045,68.46764019
795.841,18.06245439,9.951824595,68.52278822
796.027,17.90350028,9.889268495,68.18869823
796.213,17.56634558,9.679583348,66.90340355
796.399,17.3677181,9.568109456,66.2535267
796.585,17.27948055,9.529030958,65.87643594
796.771,17.1340875,9.420164515,65.17477947
796.957,16.55706229,9.130525898,63.05493506
797.143,15.59641498,8.583798761,59.335091
797.329,14.94749947,8.208456592,56.74499499
797.515,14.54155409,8.00291096,55.27736655
797.701,14.34627064,7.889137203,54.58036689
797.887,13.90844575,7.633674857,52.95778791
798.073,13.42823806,7.362324039,51.13329472
798.259,12.8184542,7.035234954,48.90259184
798.444,12.16203603,6.679791784,46.28356496
798.63,11.94233775,6.571879854,45.53806747
798.816,12.51455951,6.897975686,47.72360083
799.002,12.72114238,7.024429272,48.60898336
799.188,13.01655813,7.190858909,49.73006413
799.374,12.64380239,6.953065341,48.30983197
799.559,12.04931648,6.634744876,46.10017833
799.745,11.54974924,6.346247632,44.22823929
799.931,11.35574824,6.217864094,43.45678893
800.117,11.32719803,6.196241827,43.27081753
800.302,11.29822954,6.209386841,43.19549653
800.488,11.03343968,6.04957616,42.15734655
800.674,10.96878774,6.028603785,41.96463075
800.859,10.8664211,5.95971231,41.48400829
801.045,10.73969991,5.912203486,41.11463365
801.231,10.78285819,5.929757769,41.27602831
801.416,10.79789704,5.91370957,41.2275002
801.602,10.51051765,5.757469151,40.22087037
801.787,10.32578104,5.659225525,39.55836227
801.973,10.18988667,5.576965831,39.00752005
802.158,9.9942443,5.485599028,38.14330895
802.344,9.621016461,5.244590258,36.77186063
802.529,9.001568307,4.925620144,34.44726455
802.715,8.2289362,4.509747885,31.55879951
802.9,7.727827316,4.21600778,29.57550737
803.086,7.274240622,3.966263273,27.86622686
803.271,7.177513696,3.935079482,27.59640675
803.457,7.099410756,3.881676191,27.3317258
803.642,7.187423778,3.94039838,27.70398988
803.828,6.968734083,3.82271469,26.92349089
804.013,6.924036949,3.79190034,26.74318607
804.198,6.722994168,3.688056795,26.03997581
804.384,6.685197635,3.669704842,25.73672489
804.569,6.466170635,3.539869129,25.01944172
804.754,6.125808031,3.364429098,23.65854838
804.94,5.448998181,2.979681094,21.20392025
805.125,5.024031003,2.744324254,19.51387198
805.31,4.49309679,2.449909902,17.55698407
805.495,4.264395095,2.326562374,16.62753656
805.681,3.888829115,2.123287381,15.24310488
805.866,3.721296642,2.029400866,14.54695293
806.051,3.405937314,1.856460941,13.39368833
806.236,3.272609556,1.771037433,12.78842128
806.421,2.92468939,1.590937685,11.48051067
806.607,2.781929501,1.518667757,10.97471958
806.792,2.501467575,1.372377785,9.979315464
806.977,2.370442696,1.2883018,9.464947172
807.162,2.101618083,1.153124271,8.427836732
807.347,2.031077553,1.116204391,8.135356085
807.532,1.800327302,0.991467869,7.268862351
807.717,1.743444442,0.951787173,7.017167509
807.902,1.483382138,0.819908905,6.064248203
808.087,1.440114013,0.799048074,5.961252686
808.272,1.233234018,0.688677004,5.09014901
808.457,1.176668094,0.649570658,4.869175421
808.642,1.023793508,0.568356075,4.217526615
808.827,0.987284362,0.555330074,4.156562924
809.012,0.856021482,0.48721788,3.573898577
809.197,0.841038257,0.477306524,3.537913494
809.382,0.710278997,0.402962214,3.031820978
809.567,0.658066033,0.375333271,2.806567879
809.752,0.534359753,0.308027851,2.314264411
809.936,0.480616776,0.28986866,2.136011338
810.121,0.420210736,0.244598132,1.861439729
810.306,0.395376382,0.239410924,1.750592424
810.491,0.334749779,0.199430654,1.481470366
810.676,0.313734873,0.195699385,1.439802716
810.861,0.248450718,0.158866506,1.188543962
811.045,0.253331529,0.153578516,1.160269584
811.23,0.216340623,0.144124242,1.066885966
811.415,0.215526212,0.143123158,1.038171354
811.599,0.18218206,0.12065167,0.901511705
811.784,0.173684789,0.115192882,0.809991739
811.969,0.139587981,0.096064978,0.722917076
812.154,0.14132159,0.09733488,0.672913312
812.338,0.107318742,0.083703268,0.608052859
812.523,0.10298374,0.075940072,0.569021028
812.707,0.082942955,0.070580356,0.46199165
812.892,0.08450402,0.06734988,0.493571564
813.077,0.070222359,0.064361961,0.421717768
813.261,0.071328065,0.063434464,0.409620386
813.446,0.067410766,0.057679387,0.414450281
813.63,0.059017988,0.056031159,0.368001418
813.815,0.047523099,0.048130031,0.330684332
813.999,0.052876,0.045655615,0.315643376
814.184,0.039955835,0.045622401,0.270944412
814.368,0.041337939,0.043898365,0.280082905
814.553,0.040219894,0.042681948,0.286421997
814.737,0.037179505,0.039433298,0.231500438
814.921,0.037790498,0.036167237,0.237469089
815.106,0.032911545,0.034841718,0.246234368
815.29,0.037930022,0.038967416,0.2258296
815.475,0.029549943,0.036813611,0.218946354
815.659,0.020097234,0.033402407,0.204330897
815.843,0.031942802,0.034792689,0.225470646
816.028,0.025552302,0.039841354,0.23163366
816.212,0.025256188,0.034567074,0.216865832
816.396,0.022451994,0.036745194,0.241304951
816.58,0.030104268,0.031155158,0.190656357
816.765,0.021749025,0.035127922,0.172977855
816.949,0.023301082,0.031716868,0.195472034
817.133,0.023446041,0.029349173,0.219962784
817.317,0.020105129,0.037476683,0.164464383
817.502,0.019526748,0.026501324,0.214895405
817.686,0.018486693,0.033557864,0.161339574
817.87,0.020549556,0.028873485,0.214359015
818.054,0.024908348,0.032302044,0.207827927
818.238,0.017298029,0.032216009,0.185911953
818.422,0.016892084,0.031200511,0.200575987
818.606,0.020960133,0.032844894,0.192837699
818.79,0.01482539,0.030754368,0.234311891
818.975,0.018168602,0.031675129,0.206199958
819.159,0.026953258,0.029752832,0.17019735
819.343,0.017510138,0.032920505,0.197060938
819.527,0.012032353,0.033311462,0.162374813
819.711,0.017577909,0.024937898,0.2187015
819.895,0.027247393,0.028878422,0.195173234
820.078,0.019588085,0.026284508,0.186430428
820.262,0.021702449,0.024646822,0.188680003
820.446,0.020304305,0.028862356,0.196215751
820.63,0.011814798,0.031449368,0.184927428
820.814,0.012484436,0.027458046,0.194981025
820.998,0.021356437,0.027558407,0.16621974
821.182,0.020924969,0.029869033,0.190479527
