,4021,15960,27816
499.236,0.606444739,1.038856922,2.43983696
499.444,0.637921371,0.987142546,2.587614859
499.652,0.648282513,1.022125533,2.511446036
499.86,0.667635868,0.999410771,2.50637654
500.067,0.667709249,1.119100299,2.630077076
500.275,0.6449308,1.019443314,2.625141754
500.483,0.625241324,1.090989806,2.712321923
500.69,0.632785544,1.157390132,2.591396694
500.898,0.641295457,1.09839306,2.663947836
501.105,0.689315932,1.147193166,2.65451638
501.313,0.640734429,1.163853914,2.580035783
501.521,0.629722217,1.088280688,2.71309472
501.728,0.671607138,1.125369579,2.806550136
501.936,0.646888775,1.042688345,2.777995718
502.143,0.669852714,1.171650029,2.778336907
502.351,0.685020231,1.129924939,2.71266519
502.558,0.704838201,1.132155545,2.810190767
502.766,0.704129659,1.223867366,2.880720733
502.973,0.671225013,1.107410123,2.864641243
503.181,0.681299182,1.124791967,3.014715672
503.388,0.694728078,1.235511405,2.900357456
503.596,0.72707647,1.142076419,3.026213972
503.803,0.738226561,1.240304826,3.1131977
504.011,0.77121189,1.237630227,3.050407337
504.218,0.762579724,1.205576717,2.908046532
504.425,0.7464462,1.277445082,3.057055638
504.633,0.76019879,1.313036905,2.936968894
504.84,0.763298297,1.323037237,3.070621585
505.048,0.721658166,1.215605793,3.154752154
505.255,0.80076801,1.191666385,3.171243636
505.462,0.800739614,1.297409212,3.2728906
505.67,0.812900155,1.316411083,3.183831405
505.877,0.833936027,1.36450457,3.189275871
506.084,0.801721391,1.324032331,3.23100434
506.292,0.810315662,1.38569131,3.227790657
506.499,0.818301149,1.276626882,3.207228211
506.706,0.83550489,1.336978099,3.359943298
506.913,0.834348519,1.380678532,3.317832226
507.121,0.825635912,1.350377667,3.44393795
507.328,0.846387903,1.329138089,3.390283079
507.535,0.847785768,1.402093399,3.48141308
507.742,0.853975485,1.378912492,3.517558489
507.949,0.856722011,1.400457594,3.572886753
508.157,0.863627402,1.46861879,3.495153472
508.364,0.889449654,1.421435057,3.627169273
508.571,0.905519975,1.49829067,3.636137552
508.778,0.855759161,1.348929086,3.557963999
508.985,0.898867292,1.593489966,3.652225264
509.192,0.900255792,1.475729073,3.519102778
509.399,0.909101344,1.489022912,3.585071008
509.607,0.862748422,1.522987782,3.653578007
509.814,0.901815959,1.551340119,3.667802818
510.021,0.891826166,1.5292389,3.725270341
510.228,0.961588873,1.502574414,3.718950831
510.435,0.939415463,1.6425357,3.760149705
510.642,0.925277834,1.465348447,3.630576267
510.849,0.903627298,1.465723355,3.814585296
511.056,0.94848249,1.482246462,3.792778758
511.263,0.991785942,1.54471267,3.876011773
511.47,0.974381837,1.555338548,3.844792589
511.677,0.936288745,1.636210665,3.960704064
511.884,0.946252439,1.66851401,3.923093023
512.091,0.954904055,1.677534879,3.893801978
512.298,0.993065155,1.61485413,3.942564698
512.505,0.969016742,1.577021778,4.051564085
512.711,0.989578771,1.696404255,3.898707837
512.918,1.045989944,1.720554843,4.11222618
513.125,0.994796667,1.620020495,4.074283115
513.332,1.031931181,1.559954534,3.989673228
513.539,1.02228976,1.64567292,4.151658279
513.746,1.023329805,1.65110601,4.206985108
513.953,0.999335002,1.693530831,4.046021309
514.159,1.035584631,1.652672022,4.060991015
514.366,1.030000136,1.667924164,4.088361794
514.573,1.013614689,1.5694105,4.091883363
514.78,1.036577011,1.653800558,4.208832405
514.986,1.009600357,1.650555949,4.131444004
515.193,1.047867237,1.716518262,4.224972682
515.4,1.060489319,1.658267592,4.205946922
515.607,1.066921817,1.728381213,4.371567843
515.813,1.044620472,1.746475699,4.311495105
516.02,1.062730312,1.682654362,4.403972897
516.227,1.052437873,1.748249885,4.373637305
516.433,1.014399067,1.730740967,4.33718395
516.64,1.05488185,1.809870554,4.321157893
516.847,1.098320794,1.888789763,4.3275715
517.053,1.100076545,1.811348727,4.476765979
517.26,1.071154028,1.869869333,4.486287274
517.467,1.101602332,1.741594465,4.511064669
517.673,1.114728673,1.821321623,4.350324018
517.88,1.060637699,1.881220927,4.368290666
518.086,1.120319266,1.805115699,4.520823917
518.293,1.117594161,1.802419576,4.559471464
518.499,1.073659133,1.822799945,4.451544402
518.706,1.139287446,1.749818837,4.588406946
518.912,1.107544989,1.751437076,4.511900058
519.119,1.101811461,1.775319916,4.518520212
519.325,1.117937146,1.975514839,4.56028871
519.532,1.084616625,1.804981719,4.62597538
519.738,1.134164452,1.843049711,4.585692266
519.945,1.091621615,1.93253588,4.702783763
520.151,1.124995612,1.743063814,4.634562336
520.358,1.200865079,1.799830329,4.521882593
520.564,1.123078248,1.879555684,4.607548441
520.771,1.181519061,1.836051637,4.676877017
520.977,1.133625012,1.946169143,4.630064794
521.183,1.178123985,1.940817012,4.597599244
521.39,1.149442943,1.813772919,4.764261211
521.596,1.19101747,1.895839512,4.63604542
521.802,1.169881559,1.975586426,4.870436116
522.009,1.167288508,1.963099426,4.925473807
522.215,1.197432452,2.019759049,4.850628939
522.421,1.163376717,1.930624064,4.767632831
522.628,1.233253913,2.129533296,4.881521042
522.834,1.172362938,1.990602898,4.779563414
523.04,1.128991778,1.890274552,4.749549464
523.246,1.194426034,1.962023132,4.693435001
523.453,1.170926119,1.885407574,4.814369808
523.659,1.16421246,2.041254637,4.778320806
523.865,1.164009344,1.961644144,4.87312081
524.071,1.135557829,2.0102565,4.752397562
524.277,1.216465747,1.94899265,4.849101916
524.484,1.24034796,1.976108041,4.874830621
524.69,1.24845549,1.934371365,4.929892033
524.896,1.153214037,2.003075941,4.859573938
525.102,1.207945585,1.882102683,4.782890773
525.308,1.175250739,1.949328348,4.899096423
525.514,1.174643388,1.985971322,4.921851945
525.72,1.233616069,1.921021338,4.881329294
525.926,1.218289428,2.002963809,4.968323837
526.132,1.226167024,2.046017358,4.9266001
526.338,1.203373913,2.077072681,4.971048508
526.544,1.210263115,1.970741634,5.01464267
526.75,1.208643569,2.079019363,5.149550082
526.957,1.198218564,1.96626647,5.055088667
527.163,1.189049722,2.025174741,4.952135172
527.368,1.238922424,2.032670776,4.885337957
527.574,1.260393821,2.013613755,5.217365189
527.78,1.247141342,2.075172329,5.150825508
527.986,1.260578437,2.049397167,4.985032116
528.192,1.211174238,2.048704767,5.22003057
528.398,1.20350039,2.035514203,5.156496753
528.604,1.259381482,2.133868127,5.201015088
528.81,1.266467644,2.006551611,5.131402671
529.016,1.292500836,2.056016757,4.985709834
529.222,1.259399666,1.970486748,5.069864917
529.428,1.21780248,2.103931244,5.067432347
529.633,1.217590907,2.1113105,4.971839986
529.839,1.267472457,2.042978838,5.155780878
530.045,1.204754223,2.073770829,5.263598121
530.251,1.264908832,2.077053047,5.17041502
530.457,1.263884166,2.055208048,5.085514731
530.663,1.301602713,2.044979989,5.167635484
530.868,1.236331758,2.086553144,5.10668273
531.074,1.245306964,2.111316808,5.010247804
531.28,1.215108342,2.071227074,5.14664109
531.485,1.243867146,2.140153798,5.098211001
531.691,1.264942744,2.130767901,4.959238788
531.897,1.223064639,2.104545523,5.148394978
532.103,1.255772941,2.173636328,5.182376992
532.308,1.273876059,2.05444551,5.171121065
532.514,1.2514002,2.219388091,5.216360019
532.72,1.23401333,2.072636796,5.211715734
532.925,1.266259251,2.097655196,5.293746242
533.131,1.23649576,2.11953555,5.22887466
533.336,1.287138828,2.062742886,5.228742635
533.542,1.269575417,2.129508284,5.267176858
533.748,1.258041937,2.19187696,5.244044722
533.953,1.321294912,2.117432388,5.201112253
534.159,1.286614923,2.144229894,5.263141116
534.364,1.330025746,2.16543893,5.277279375
534.57,1.287627625,2.059372314,5.164971129
534.775,1.281820338,2.003759193,5.272018745
534.981,1.30328098,2.106164866,5.218637081
535.186,1.254642797,2.069987542,5.142606406
535.392,1.269341137,2.1051044,5.232865868
535.597,1.297740991,2.153040175,5.22491689
535.803,1.300659472,2.080506738,5.279182601
536.008,1.286798784,2.0412443,5.245576976
536.214,1.33229752,1.990652202,5.317008651
536.419,1.287503825,2.163271112,5.342103797
536.624,1.325680115,2.261208569,5.266623902
536.83,1.331516787,2.200160149,5.268471328
537.035,1.294322327,2.211158389,5.289252642
537.241,1.293020929,2.068343215,5.505668171
537.446,1.32810174,2.17002752,5.432850635
537.651,1.296397603,2.151785989,5.348402322
537.857,1.306866155,2.13124222,5.393816329
538.062,1.304669861,2.220069956,5.304172263
538.267,1.292644084,2.192140054,5.414953676
538.472,1.286941612,2.136021059,5.274406496
538.678,1.331645407,2.183648125,5.384824312
538.883,1.312132772,2.078788023,5.25765778
539.088,1.288584224,2.173872145,5.323396514
539.293,1.324542917,2.158354297,5.365730803
539.499,1.285042197,2.182765815,5.51247122
539.704,1.370840327,2.138780565,5.456285269
539.909,1.36678823,2.190313728,5.399291269
540.114,1.332051968,2.175114887,5.373460651
540.319,1.349307466,2.256065836,5.530259477
540.525,1.319042122,2.180107997,5.387764319
540.73,1.334157374,2.291968416,5.43517169
540.935,1.273424658,2.178285432,5.503491004
541.14,1.31175755,2.190204402,5.438176805
541.345,1.359886091,2.281988297,5.412428186
541.55,1.301676047,2.216859915,5.34527907
541.755,1.360386992,2.147346434,5.417895587
541.96,1.336793819,2.24320947,5.650116765
542.165,1.313472059,2.184267867,5.423600627
542.37,1.285940059,2.293864615,5.474115227
542.575,1.335106925,2.22338134,5.49828041
542.78,1.325688014,2.283171247,5.414497709
542.985,1.347195361,2.149741956,5.379909705
543.19,1.373132102,2.128911941,5.473586907
543.395,1.341682441,2.21378282,5.364108456
543.6,1.363775947,2.1475312,5.340648692
543.805,1.281547552,2.286255014,5.330555718
544.01,1.369824218,2.118959337,5.438821105
544.215,1.330116663,2.212495718,5.468271078
544.42,1.341399935,2.214682533,5.478234176
544.625,1.353193654,2.219956176,5.644148604
544.83,1.31434318,2.268135997,5.524226722
545.035,1.384701535,2.265217852,5.598697837
545.239,1.395139177,2.301226456,5.471023795
545.444,1.382862828,2.244701674,5.483771753
545.649,1.301356317,2.254442493,5.538889847
545.854,1.297558753,2.178138012,5.446491432
546.059,1.36817269,2.304528243,5.588877191
546.263,1.347537654,2.255625618,5.39457539
546.468,1.342694542,2.331531058,5.442106099
546.673,1.35320383,2.168126536,5.488167418
546.878,1.335959136,2.174409375,5.593532752
547.082,1.360575201,2.220529189,5.419634004
547.287,1.337658089,2.151471668,5.448551572
547.492,1.398663003,2.217822634,5.560510215
547.697,1.32280931,2.27025537,5.435737954
547.901,1.344290649,2.196951146,5.586199222
548.106,1.33620393,2.168401365,5.610794073
548.311,1.350311551,2.272725599,5.522546096
548.515,1.352507586,2.276983715,5.44797642
548.72,1.431557704,2.267898151,5.493974203
548.924,1.358058895,2.236254689,5.46375014
549.129,1.343601131,2.217723651,5.561257175
549.334,1.40404216,2.203948004,5.570394865
549.538,1.300103135,2.213164119,5.489252582
549.743,1.327132197,2.266106261,5.353031211
549.947,1.31734999,2.095497395,5.553404816
550.152,1.318393679,2.215098111,5.370360437
550.356,1.349858828,2.285684608,5.375323031
550.561,1.359255185,2.227548447,5.286190657
550.765,1.307554412,2.232612088,5.459180672
550.97,1.369603484,2.258959482,5.440548266
551.174,1.401582091,2.287088317,5.338945485
551.379,1.316689837,2.190885967,5.36115481
551.583,1.378214032,2.248320724,5.480574342
551.788,1.324679861,2.148527366,5.401536649
551.992,1.330019277,2.257815162,5.568134882
552.196,1.29393062,2.18169457,5.438695556
552.401,1.292209229,2.258187894,5.398342365
552.605,1.337675435,2.330419518,5.428329522
552.81,1.376393082,2.234416918,5.519601496
553.014,1.364402192,2.373926443,5.513900986
553.218,1.399083197,2.228225015,5.580011013
553.423,1.330935187,2.213310362,5.563105359
553.627,1.333351223,2.07989495,5.358690941
553.831,1.357716029,2.179528171,5.575868318
554.035,1.369072147,2.168540215,5.475560073
554.24,1.328017039,2.157449881,5.650445738
554.444,1.3813553,2.240789676,5.686981999
554.648,1.265317642,2.250921493,5.576696601
554.852,1.307933725,2.246598366,5.418207624
555.057,1.357255487,2.16381689,5.383309592
555.261,1.312787154,2.137087848,5.465888862
555.465,1.340711446,2.144422136,5.399724501
555.669,1.318813258,2.09107163,5.479690456
555.873,1.308364941,2.300015607,5.59921819
556.078,1.279998545,2.168162502,5.494061573
556.282,1.305086927,2.250221194,5.351336709
556.486,1.292572937,2.137067439,5.539114398
556.69,1.310267795,2.167811033,5.490284064
556.894,1.335551002,2.293807889,5.526543902
557.098,1.329946759,2.094645805,5.418303333
557.302,1.342297467,2.235906843,5.340987336
557.506,1.323222598,2.155418333,5.44605883
557.71,1.258782515,2.160447709,5.37469634
557.914,1.302030853,2.180319505,5.403121244
558.118,1.371927894,2.158159831,5.40276612
558.322,1.311806223,2.170413675,5.297219225
558.526,1.281415908,2.219544514,5.292382203
558.73,1.313951457,2.234661489,5.412182601
558.934,1.264168148,2.088270835,5.32770882
559.138,1.271930432,2.085976925,5.160424602
559.342,1.3394225,2.182935068,5.463084226
559.546,1.280238187,2.298999255,5.364776255
559.75,1.294303596,2.19761835,5.311549
559.954,1.282646122,2.148050943,5.497933807
560.158,1.318050405,2.127745551,5.359655307
560.362,1.321215455,2.242497498,5.412454487
560.565,1.345082676,2.086280848,5.204489884
560.769,1.266869625,2.161970142,5.527862839
560.973,1.279970668,2.184831398,5.344367435
561.177,1.262692081,2.114418681,5.23681156
561.381,1.294627905,2.126268703,5.294348834
561.585,1.32380637,2.122393966,5.218337398
561.788,1.30950008,2.006667162,5.339130288
561.992,1.275334465,2.188921267,5.066532047
562.196,1.27036291,2.058685777,5.13985225
562.4,1.269397251,2.105661025,5.240381122
562.603,1.253413037,2.051119488,5.247199369
562.807,1.255295308,2.155245073,4.980492097
563.011,1.32756881,2.113726288,5.240629129
563.214,1.26060312,2.083897468,5.166921618
563.418,1.332955573,2.003948416,5.168793807
563.622,1.283945257,1.999125626,5.355602709
563.825,1.270482537,2.125891803,5.170800832
564.029,1.292698571,2.236064766,5.270462648
564.233,1.258857722,2.097975931,5.093336708
564.436,1.283706084,2.146200628,5.219456789
564.64,1.336708901,2.078681085,5.109792576
564.843,1.251529122,2.14802088,5.190585597
565.047,1.270206565,2.052610127,5.20995479
565.25,1.256557273,2.091221347,5.022613582
565.454,1.26326192,2.117850356,5.243324893
565.658,1.265076423,2.08816697,5.086842916
565.861,1.27086958,1.996252922,4.987205898
566.065,1.277472348,2.165762356,5.023180628
566.268,1.300191699,2.093196161,5.146607303
566.471,1.210622295,2.122476101,5.347718823
566.675,1.214015841,2.176221446,5.27928572
566.878,1.208852429,2.019429537,5.094190822
567.082,1.262002129,1.95390145,4.994654277
567.285,1.235023988,2.020492145,5.072930446
567.489,1.27397412,2.09816575,4.990819299
567.692,1.228509752,2.12454534,5.008598993
567.895,1.19831798,1.9675884,5.186413156
568.099,1.255141875,2.035884079,4.889459732
568.302,1.201133616,2.018317173,4.943003105
568.505,1.227078401,2.017190728,5.054214371
568.709,1.220783361,2.038617171,4.914952729
568.912,1.227340069,2.016975373,5.031232735
569.115,1.233631924,2.120434296,4.936097309
569.319,1.190873461,2.179920438,5.083042262
569.522,1.252587768,2.033133876,4.925205935
569.725,1.23844211,2.009720317,4.878039833
569.928,1.21904239,1.93937381,5.018939561
570.132,1.222174263,1.998889003,5.031997887
570.335,1.224511105,2.093166228,4.949594045
570.538,1.279047706,2.024355713,5.044835885
570.741,1.248688886,2.016604592,5.006460438
570.944,1.216616328,2.005510753,4.91963792
571.148,1.21077675,1.887382116,4.937858636
571.351,1.238618844,2.088245638,5.040662929
571.554,1.197687873,2.040021261,4.943691925
571.757,1.199455542,1.856214377,4.765146167
571.96,1.226230875,2.019562707,4.914730408
572.163,1.22907322,1.87030804,4.985362821
572.366,1.197406595,2.080414422,4.815948842
572.569,1.21284556,1.90177388,5.02696096
572.772,1.181776965,2.038882547,4.820710235
572.975,1.160207374,1.960553951,4.712238045
573.178,1.2059796,1.934101844,4.855096421
573.381,1.166532615,1.851332016,4.77478972
573.584,1.186750229,1.936861969,4.848787841
573.787,1.196742276,1.899009968,4.786666095
573.99,1.192267833,1.918587206,4.890094701
574.193,1.194554051,1.944266405,4.725758924
574.396,1.188929498,2.001409913,4.840441964
574.599,1.209148012,2.070106886,4.85756493
574.802,1.181874877,1.991533442,4.737789027
575.005,1.161127863,1.913416213,4.877458834
575.208,1.181025993,1.856468166,4.800097565
575.411,1.148917165,1.97649904,4.711260697
575.614,1.168866384,1.934940514,4.840734373
575.817,1.188416332,2.057111007,4.844706308
576.019,1.175639983,1.938039781,4.797025814
576.222,1.163215939,1.878538663,4.784103836
576.425,1.184802782,1.95214843,4.677434987
576.628,1.149578867,2.014262054,4.813836061
576.831,1.188961699,1.779618198,4.769305012
577.033,1.139555028,1.964496239,4.60442103
577.236,1.128897042,1.799310389,4.688434114
577.439,1.19697213,1.89959727,4.66871501
577.642,1.132090225,1.87724778,4.654541796
577.844,1.153344112,1.820580917,4.589803193
578.047,1.116416825,1.868855518,4.675463328
578.25,1.134077977,1.902988339,4.618843243
578.452,1.196373814,1.864329561,4.58294722
578.655,1.132843237,1.869208708,4.622290211
578.858,1.121452677,1.908185624,4.559236858
579.06,1.159214126,1.826127406,4.584318991
579.263,1.134614096,1.85084206,4.476434091
579.465,1.142459377,1.89517376,4.648268248
579.668,1.116972312,1.914198703,4.579333635
579.871,1.092477842,1.832682234,4.544628995
580.073,1.130281627,1.91727673,4.636286337
580.276,1.131875592,1.868565136,4.453128532
580.478,1.106009677,1.857277487,4.456437803
580.681,1.08469965,1.868008648,4.621436498
580.883,1.132006237,1.885911477,4.349270219
581.086,1.107425398,1.817994581,4.523779514
581.288,1.117742016,1.89004468,4.553690462
581.491,1.114871719,1.865158516,4.364682533
581.693,1.051908108,1.80628821,4.474028067
581.896,1.04038837,1.745155931,4.332858448
582.098,1.068739619,1.919515862,4.507937386
582.301,1.07822691,1.661713495,4.409462877
582.503,1.09202219,1.804720199,4.446263657
582.705,1.093015969,1.726889311,4.461282376
582.908,1.142691971,1.769152378,4.442895061
583.11,1.084919475,1.768683521,4.510024065
583.312,1.120526817,1.737545716,4.41467028
583.515,1.033615849,1.743958786,4.329969312
583.717,1.021808182,1.741701678,4.36054867
583.919,1.089573243,1.797521424,4.350592829
584.122,1.063391296,1.89554761,4.431240016
584.324,1.105362719,1.85638015,4.249159005
584.526,1.081560198,1.825183726,4.345750784
584.728,1.066323533,1.725511547,4.208406963
584.931,1.02788587,1.769249566,4.337507288
585.133,1.048869788,1.625273514,4.336405025
585.335,1.072177248,1.668455273,4.145076668
585.537,1.042777429,1.746016856,4.341981851
585.74,0.992820342,1.801064478,4.356004078
585.942,1.098433723,1.670436952,4.162282567
586.144,0.995645467,1.725153714,4.350674134
586.346,1.0603579,1.684826616,4.317176773
586.548,1.018457012,1.847481515,4.324269078
586.75,1.055163709,1.705892613,4.300994123
586.952,1.06103388,1.7253389,4.357636622
587.154,1.032854955,1.645380836,4.206629373
587.357,1.027857841,1.686206432,4.318634293
587.559,1.068565536,1.645807803,4.194538142
587.761,1.045216803,1.652505524,4.146547176
587.963,1.024668405,1.731562167,4.095487889
588.165,1.033339359,1.729617457,4.19106002
588.367,1.023766169,1.677951047,4.117630152
588.569,0.993649594,1.707321051,4.217395949
588.771,1.044175948,1.662291832,4.178972864
588.973,0.974200051,1.685415084,4.174161303
589.175,1.012135226,1.631675317,4.192612924
589.377,0.992283596,1.776928725,4.202934941
589.578,1.025293606,1.731675302,4.123751542
589.78,1.002853706,1.638336013,4.221263183
589.982,1.013316458,1.614948797,4.086827472
590.184,1.038788464,1.6156318,4.100624598
590.386,1.032253916,1.648657645,4.242916374
590.588,1.031167499,1.552251467,4.073132306
590.79,1.050473276,1.670709957,4.090528493
590.992,1.048671824,1.628937169,4.140769761
591.193,0.97585933,1.634473712,4.134383813
591.395,0.984035387,1.629545171,4.055503793
591.597,0.96993905,1.688777206,4.133140166
591.799,1.023015242,1.621889135,4.046866729
592,1.016677224,1.645852517,4.038387882
592.202,0.994513698,1.623627757,4.052347347
592.404,1.008759025,1.517242125,4.1050504
592.606,1.013789394,1.573454554,4.058785114
592.807,0.952319712,1.572741543,4.011987131
593.009,0.971100079,1.621988973,4.077832297
593.211,1.015358996,1.575206453,3.914509093
593.412,0.986957791,1.559088028,4.007572053
593.614,0.982676641,1.761755529,4.061141412
593.816,1.006627665,1.676320954,4.037902038
594.017,0.988085932,1.725843543,4.063615642
594.219,0.995288834,1.676502026,4.124579016
594.421,0.980494016,1.56200698,3.98448826
594.622,1.004464428,1.638557336,3.804669984
594.824,0.984747393,1.569771978,3.914826368
595.025,0.94447134,1.587154099,3.929503129
595.227,0.972032694,1.56427945,3.99225752
595.428,0.977421976,1.697107622,3.882095514
595.63,0.977572006,1.545757082,3.946770772
595.831,0.967506163,1.559819533,3.962206308
596.033,0.98654366,1.589891804,3.875491322
596.234,0.959159584,1.615789806,3.890035641
596.436,0.953270436,1.616051078,3.880246421
596.637,0.955565569,1.627639296,3.825704804
596.839,0.954386653,1.713588851,3.958553969
597.04,0.988782911,1.482166891,3.958482651
597.241,0.940517166,1.642854278,3.938149756
597.443,0.974800047,1.574981093,3.864594565
597.644,0.903117337,1.585342929,3.919040184
597.846,0.905145963,1.638546104,4.01560518
598.047,0.970689611,1.527342962,3.892766525
598.248,0.960791692,1.658692321,3.899517386
598.45,0.994691096,1.523710578,3.920599751
598.651,0.93584892,1.515108996,3.823831729
598.852,0.929375998,1.570058388,3.835273736
599.053,0.990110863,1.523317927,3.822322064
599.255,0.915824777,1.498004418,3.799253408
599.456,0.934282341,1.543592485,3.936630614
599.657,0.95064224,1.516270647,3.904667164
599.858,0.925708695,1.590328784,3.976619884
600.06,0.945710571,1.535651573,3.877448488
600.261,0.888262444,1.531148682,3.782851213
600.462,0.963493842,1.589940562,3.808036788
600.663,0.968630903,1.569546213,3.855489269
600.864,0.958156131,1.594405128,3.931016048
601.066,0.921636394,1.572813289,3.684271411
601.267,0.901401357,1.462731859,3.688321145
601.468,0.915028409,1.592128872,3.733776732
601.669,0.900824344,1.525936363,3.605979897
601.87,0.923665183,1.477624521,3.829766394
602.071,0.92810164,1.58172897,3.864756945
602.272,0.938228475,1.527384396,3.714721979
602.473,0.93630374,1.422312088,3.722278771
602.674,0.877802034,1.491711341,3.766792265
602.875,0.916527898,1.51857144,3.782675704
603.076,0.911889327,1.450982118,3.665368399
603.277,0.901899931,1.437350446,3.750802088
603.478,0.882884878,1.415742422,3.655184971
603.679,0.85979789,1.550356191,3.70241663
603.88,0.849203004,1.513144819,3.678807927
604.081,0.933310302,1.434342466,3.649904839
604.282,0.910389997,1.556828249,3.733474316
604.483,0.903890326,1.377235106,3.683815699
604.684,0.906880089,1.476608328,3.586363342
604.885,0.860060918,1.449854365,3.618259583
605.085,0.861303622,1.540218161,3.502660539
605.286,0.867782505,1.476627832,3.682863259
605.487,0.927392462,1.450355609,3.762248114
605.688,0.921675973,1.503305173,3.601781874
605.889,0.87077421,1.438042725,3.652465758
606.09,0.882372645,1.506015658,3.611484925
606.29,0.860250155,1.450034926,3.62200839
606.491,0.847150245,1.430150929,3.555010535
606.692,0.92847009,1.384266646,3.558494346
606.893,0.835808686,1.457882687,3.469576572
607.093,0.836760266,1.383319007,3.648493988
607.294,0.89334599,1.441251542,3.636504349
607.495,0.86347723,1.341627372,3.432456982
607.695,0.810091788,1.354278787,3.590430989
607.896,0.868790591,1.517601923,3.523738689
608.097,0.80167762,1.400415251,3.480055998
608.297,0.878080492,1.429077194,3.497671195
608.498,0.829399242,1.527589541,3.487321633
608.699,0.862634231,1.364155605,3.47812262
608.899,0.83440182,1.365171119,3.574450613
609.1,0.818178658,1.339743158,3.493785067
609.3,0.819221298,1.400203711,3.398728938
609.501,0.82013791,1.42072315,3.554661625
609.702,0.828025553,1.43184987,3.533493712
609.902,0.862779528,1.466094944,3.399210631
610.103,0.81211304,1.359767973,3.378109437
610.303,0.814811292,1.422364751,3.338939631
610.504,0.767026514,1.316585917,3.464129542
610.704,0.841754114,1.401849847,3.345224243
610.905,0.817082288,1.366386893,3.405887503
611.105,0.828147615,1.396275694,3.285521253
611.305,0.846002711,1.389949736,3.292828066
611.506,0.818442633,1.309119458,3.258192197
611.706,0.841717814,1.337157879,3.445887745
611.907,0.849250559,1.413154048,3.258205248
612.107,0.817556483,1.409846412,3.302485926
612.307,0.79412066,1.40817113,3.247923728
612.508,0.814257783,1.4636801,3.309608979
612.708,0.827702521,1.296015268,3.235406641
612.908,0.76341133,1.313219806,3.399472103
613.109,0.794480298,1.238776926,3.208348252
613.309,0.777245527,1.368420882,3.223831392
613.509,0.763049915,1.249528251,3.174936954
613.71,0.788868123,1.38778003,3.278846656
613.91,0.742456794,1.286686683,3.244204517
614.11,0.774148906,1.255226832,3.255770673
614.31,0.75984816,1.358740041,3.101986971
614.51,0.759533043,1.334146836,3.074762316
614.711,0.74957143,1.340794616,3.091118165
614.911,0.748182509,1.259216387,3.120864306
615.111,0.752830205,1.280585314,3.083437138
615.311,0.759609505,1.176059076,3.135847227
615.511,0.783544052,1.193599353,3.07649688
615.711,0.770236355,1.276492109,3.142144981
615.912,0.762815801,1.218793775,2.982534876
616.112,0.757146845,1.242363515,3.078467633
616.312,0.77113946,1.336180543,3.057452121
616.512,0.731775402,1.182684186,3.081570494
616.712,0.728877998,1.293641543,3.083899973
616.912,0.701997921,1.24701815,3.057333892
617.112,0.760766359,1.162320919,3.157144739
617.312,0.749458836,1.243982481,2.97077595
617.512,0.722940528,1.194496926,3.076079147
617.712,0.729514221,1.164241189,2.86911911
617.912,0.766575316,1.175497156,2.886922676
618.112,0.684371083,1.149920578,2.954346627
618.312,0.764423325,1.247576105,2.915173078
618.512,0.712991898,1.212632284,3.015439425
618.712,0.705803145,1.227164943,2.960875054
618.912,0.715891921,1.191512246,2.945212724
619.112,0.703283223,1.172896284,2.923388395
619.311,0.707471227,1.209268723,2.924092437
619.511,0.713870565,1.176994509,2.888582496
619.711,0.656863776,1.185272233,2.83232843
619.911,0.698286316,1.192105218,2.794731397
620.111,0.687087316,1.256196837,2.796846369
620.311,0.69976692,1.118786025,2.841949379
620.51,0.710923463,1.130478422,2.923458861
620.71,0.677256152,1.149432207,2.755302293
620.91,0.704823234,1.095630102,2.81945794
621.11,0.731081195,1.101741952,2.876106842
621.309,0.662614665,1.150697903,2.784937859
621.509,0.685559397,1.105644927,2.797141935
621.709,0.667153746,1.103656781,2.817852336
621.909,0.713194982,1.087734105,2.842032178
622.108,0.681930312,1.097376571,2.779301237
622.308,0.673206359,1.03839499,2.74374591
622.508,0.671773633,1.088856979,2.775710182
622.707,0.657475987,1.131336244,2.706787514
622.907,0.666202926,1.05093316,2.664285528
623.106,0.659486162,1.074607149,2.675135995
623.306,0.646097717,1.013080443,2.679301675
623.506,0.642201793,1.127874103,2.616135972
623.705,0.677776764,1.123627081,2.720575355
623.905,0.638905831,1.066946445,2.595454306
624.104,0.622612293,1.081170308,2.629750786
624.304,0.646896727,1.151963992,2.472882598
624.503,0.616550215,1.061256895,2.591649075
624.703,0.659608476,1.098256815,2.590163176
624.902,0.65459714,1.081622029,2.601286726
625.102,0.608613852,1.011674877,2.556945189
625.301,0.639159169,1.142655484,2.610243503
625.501,0.604918888,1.107657305,2.602153835
625.7,0.637515266,0.957869008,2.584003587
625.899,0.623036032,1.064256985,2.593120302
626.099,0.650282777,0.99220252,2.543291433
626.298,0.595613594,1.025385268,2.512727773
626.498,0.604114914,1.018263276,2.515157235
626.697,0.626698361,0.999780093,2.497578236
626.896,0.615681706,0.971723172,2.465955441
627.096,0.626921857,1.046008331,2.380481992
627.295,0.579547796,1.045673332,2.376242308
627.494,0.587470674,1.00079406,2.445310109
627.694,0.608346724,0.920784054,2.397456217
627.893,0.626736388,0.939799707,2.426392532
628.092,0.589444163,1.019677723,2.399007753
628.291,0.604803602,0.891842986,2.353242377
628.491,0.605153418,0.951924872,2.443818242
628.69,0.587821216,0.914517459,2.39948662
628.889,0.582169533,0.911249273,2.34388824
629.088,0.579195987,0.948209376,2.403961785
629.287,0.598272543,1.025250691,2.340397826
629.486,0.553330898,0.997367072,2.326735522
629.686,0.58786702,0.922741563,2.390260188
629.885,0.572673647,0.886223286,2.413882346
630.084,0.602228129,0.970242737,2.296293825
630.283,0.569371797,0.876350903,2.420973045
630.482,0.52459103,0.976646937,2.343175699
630.681,0.537016117,0.944276239,2.270526875
630.88,0.543494925,0.844127118,2.259811403
631.079,0.577270553,0.937494198,2.276695631
631.278,0.60969027,0.988980244,2.296933694
631.477,0.535467533,0.919994485,2.273393138
631.676,0.559651565,0.961673042,2.221256776
631.875,0.550705756,0.841757872,2.285919616
632.074,0.535505071,0.894653295,2.236563167
632.273,0.565323158,0.83983574,2.212738676
632.472,0.537406159,0.853333384,2.177431424
632.671,0.546686294,0.986816234,2.183829592
632.87,0.530198595,0.931759977,2.154777631
633.069,0.521525541,0.826038477,2.27704475
633.268,0.546221666,0.887657052,2.200608222
633.467,0.534921432,0.880670359,2.228341472
633.666,0.53801982,0.794770506,2.206964948
633.864,0.531087097,0.839542224,2.191614622
634.063,0.549467183,0.852735773,2.213304797
634.262,0.535982889,0.895025394,2.172128088
634.461,0.511655193,0.890655001,2.00126897
634.66,0.508020046,0.867539408,2.107446647
634.858,0.48397557,0.84345168,2.09353006
635.057,0.541117026,0.901403107,2.247626542
635.256,0.549940605,0.839431677,2.051327258
635.455,0.554977534,0.912291618,2.121877998
635.653,0.527610375,0.886537283,2.031452761
635.852,0.510799625,0.895215961,2.041737309
636.051,0.511505521,0.800795053,2.187138911
636.249,0.472225565,0.811195959,1.991695796
636.448,0.509249484,0.810544954,2.069886946
636.647,0.503541913,0.828221156,1.987942042
636.845,0.490688128,0.759127428,2.013200597
637.044,0.503707015,0.785746084,1.968589475
637.243,0.494781644,0.86191974,2.01461441
637.441,0.492211659,0.863076306,1.934019918
637.64,0.483775215,0.815015934,1.881690227
637.838,0.481362969,0.823981837,1.972974826
638.037,0.459485868,0.810430067,1.97952176
638.235,0.483209496,0.828704438,1.909076419
638.434,0.502572905,0.870988527,1.945765069
638.632,0.479694973,0.716624565,2.025214431
638.831,0.47381268,0.823377325,1.940077027
639.029,0.476933365,0.773642575,1.952250855
639.228,0.469278269,0.730596087,1.813160974
639.426,0.489048808,0.790028627,1.888571363
639.625,0.453659699,0.786260025,2.079064178
639.823,0.478225847,0.793955264,1.911589809
640.022,0.463195143,0.767790683,1.982506456
640.22,0.44232807,0.724690481,1.909023276
640.418,0.455950727,0.724172327,1.856074538
640.617,0.435605422,0.74488161,1.839232254
640.815,0.467103161,0.768047489,1.895023447
641.013,0.454810826,0.824477719,1.874549268
641.212,0.421807636,0.782201148,1.869805302
641.41,0.493416647,0.819126578,1.96270341
641.608,0.467870445,0.755921563,1.880089154
641.807,0.475438774,0.775240852,1.880107366
642.005,0.438739453,0.743656749,1.830681979
642.203,0.443362754,0.773423371,1.80769775
642.401,0.415565672,0.743485974,1.797895745
642.6,0.457697968,0.795543848,1.82841267
642.798,0.442447074,0.727414173,1.738494586
642.996,0.45210728,0.756691928,1.817236657
643.194,0.450447267,0.768690032,1.808872976
643.392,0.461723688,0.706530471,1.775376327
643.59,0.453883808,0.727509795,1.678417187
643.789,0.450510407,0.652856553,1.768410403
643.987,0.447663703,0.678895603,1.687514352
644.185,0.445523143,0.691218266,1.776006843
644.383,0.430048385,0.677646515,1.793625471
644.581,0.416698295,0.689514924,1.722167622
644.779,0.425042587,0.714192377,1.735244217
644.977,0.423054266,0.747938301,1.690102765
645.175,0.406270564,0.717501349,1.655736368
645.373,0.422652701,0.728559427,1.675313892
645.571,0.390725787,0.730510771,1.757627424
645.769,0.40045809,0.674213541,1.725180307
645.967,0.388090569,0.716360763,1.593349208
646.165,0.397730105,0.693899122,1.67028415
646.363,0.406964093,0.59771678,1.677811042
646.561,0.429457893,0.656210124,1.67269617
646.759,0.405629809,0.700771406,1.750692139
646.957,0.422516564,0.651096001,1.629963154
647.155,0.435566121,0.741512616,1.597706954
647.353,0.392859196,0.710423232,1.650230439
647.55,0.41711708,0.695797944,1.688460091
647.748,0.411198311,0.604536848,1.655107492
647.946,0.398660853,0.593613875,1.625491797
648.144,0.406217277,0.719018315,1.611991428
648.342,0.398116808,0.621403436,1.624580072
648.54,0.376057168,0.620886806,1.629523583
648.737,0.41230295,0.682877892,1.624198583
648.935,0.367363385,0.623355461,1.510897775
649.133,0.398623514,0.598282848,1.583038752
649.331,0.391012345,0.617962832,1.544470185
649.528,0.403998166,0.588919416,1.525614697
649.726,0.364717301,0.641060709,1.49163585
649.924,0.381995721,0.649219077,1.562680852
650.121,0.371578948,0.67965658,1.568215215
650.319,0.387636984,0.637804609,1.599541654
650.517,0.370751986,0.640376382,1.453886966
650.714,0.364008629,0.621502132,1.465085734
650.912,0.360287322,0.610734634,1.462174657
651.11,0.377952253,0.664909535,1.510812563
651.307,0.36601015,0.590239294,1.502310843
651.505,0.346492541,0.626922038,1.469632861
651.702,0.383680605,0.626902,1.517655199
651.9,0.349938788,0.618348698,1.398280145
652.097,0.33535354,0.536962023,1.44974769
652.295,0.373535189,0.541717402,1.499123637
652.492,0.353017142,0.6273825,1.519241995
652.69,0.353192605,0.542494125,1.450027325
652.887,0.371999525,0.616666371,1.439224275
653.085,0.354953868,0.595152261,1.428180824
653.282,0.364108249,0.56704182,1.504896649
653.48,0.331793605,0.531401021,1.365824062
653.677,0.374746457,0.562943421,1.351674508
653.874,0.354191061,0.619261749,1.396209671
654.072,0.323348811,0.60986963,1.352868331
654.269,0.358692357,0.612778828,1.393599111
654.467,0.350690557,0.577795829,1.409568829
654.664,0.360752846,0.538980971,1.365721823
654.861,0.33242924,0.534037627,1.345316914
655.059,0.346101129,0.608113293,1.342815277
655.256,0.317639401,0.578643554,1.463018272
655.453,0.314978058,0.562436399,1.389086583
655.65,0.334536625,0.569462204,1.352553672
655.848,0.312806904,0.564865675,1.394819515
656.045,0.358501362,0.55153683,1.326140753
656.242,0.30922895,0.580440896,1.371491754
656.439,0.325289693,0.531656258,1.323710597
656.637,0.320264271,0.576821327,1.285766877
656.834,0.342674754,0.543285114,1.395510208
657.031,0.325189452,0.53449482,1.341306578
657.228,0.318101983,0.543283242,1.320581998
657.425,0.331290068,0.515547102,1.361278448
657.622,0.323292992,0.487101107,1.272631618
657.82,0.328630409,0.539947518,1.31757275
658.017,0.339665708,0.568592356,1.354097003
658.214,0.297043119,0.485150046,1.314508693
658.411,0.320794429,0.541351543,1.355328663
658.608,0.295371433,0.560282919,1.277802974
658.805,0.317013294,0.547062331,1.235442413
659.002,0.325214612,0.463868806,1.230462837
659.199,0.302489751,0.524059735,1.253002708
659.396,0.319588653,0.539936634,1.290037385
659.593,0.289936945,0.481233343,1.251905893
659.79,0.315813461,0.486746935,1.265451652
659.987,0.336472039,0.549588989,1.182026293
660.184,0.321729797,0.463731898,1.292871959
660.381,0.282307981,0.503788844,1.295217558
660.578,0.288901644,0.509214337,1.21221271
660.774,0.304416791,0.493396858,1.198780516
660.971,0.288525301,0.495640387,1.239895856
661.168,0.288343012,0.517983347,1.278446463
661.365,0.306723464,0.468275679,1.205846862
661.562,0.283150179,0.54683905,1.204480595
661.759,0.285325361,0.449193194,1.224041623
661.956,0.311199767,0.478386423,1.220070242
662.152,0.304684225,0.538738923,1.190655735
662.349,0.306608006,0.575322756,1.231807906
662.546,0.283605126,0.45524396,1.192492289
662.743,0.28014499,0.488960089,1.142285434
662.939,0.303604927,0.458644395,1.181413486
663.136,0.291839863,0.457651086,1.221808669
663.333,0.286913128,0.468554132,1.126623748
663.53,0.300512773,0.497959396,1.177010447
663.726,0.313627704,0.492204683,1.208623631
663.923,0.318729945,0.476854127,1.130844654
664.119,0.291187329,0.478319202,1.154448111
664.316,0.267147998,0.4545783,1.094002184
664.513,0.289099337,0.423059936,1.128268384
664.709,0.269961123,0.457068805,1.115968345
664.906,0.279178494,0.461592337,1.149171662
665.103,0.261034913,0.455187128,1.082680267
665.299,0.262106963,0.419789183,1.114662965
665.496,0.279126951,0.462508379,1.148686366
665.692,0.278635352,0.469191194,1.081450947
665.889,0.301312958,0.448672836,1.111340985
666.085,0.268631202,0.462900356,1.118183587
666.282,0.262225625,0.464859336,1.152396766
666.478,0.281636505,0.446724361,1.127348677
666.675,0.264405669,0.367902876,1.171281862
666.871,0.27724653,0.510501537,1.167421471
667.067,0.266756287,0.458131888,1.075780887
667.264,0.275965225,0.443652029,1.072236318
667.46,0.269007013,0.419640796,1.150890473
667.657,0.263578401,0.408222053,1.067222972
667.853,0.28435864,0.444777302,1.107775972
668.049,0.292447255,0.421836048,1.05541368
668.246,0.268650939,0.455944793,1.052070542
668.442,0.252967661,0.470230582,1.084711735
668.638,0.271537276,0.395591942,1.030858427
668.835,0.272356977,0.444636563,1.055114159
669.031,0.273617309,0.403231972,0.981597422
669.227,0.246314712,0.373063659,1.069581618
669.424,0.25122959,0.418710237,1.02493733
669.62,0.238846271,0.432281347,1.039415566
669.816,0.259249509,0.456309206,1.098240015
670.012,0.240630929,0.421228718,1.120156209
670.208,0.286414685,0.398518386,1.066308616
670.405,0.245604399,0.446860294,1.01897704
670.601,0.272195879,0.449774056,1.055684434
670.797,0.269457963,0.491811308,1.061637642
670.993,0.246120842,0.427741361,1.013170609
671.189,0.237274268,0.405286898,1.038742943
671.385,0.231812633,0.393189475,1.116386834
671.581,0.254596995,0.430822682,1.077779871
671.777,0.24219723,0.410619621,1.019969748
671.974,0.240997325,0.426583962,0.997442097
672.17,0.282397258,0.415716936,1.017906667
672.366,0.257412428,0.40869564,0.96592564
672.562,0.26480258,0.404438556,0.985092296
672.758,0.247338895,0.421335443,1.029239069
672.954,0.240244642,0.409084446,1.008227505
673.15,0.255773583,0.463066953,0.91655717
673.346,0.240891086,0.366022038,0.979093744
673.542,0.229182436,0.398177421,1.00647688
673.737,0.237564435,0.375257749,0.946095567
673.933,0.228348275,0.390078773,1.007809368
674.129,0.251220471,0.402102132,0.97580533
674.325,0.245333595,0.407919383,0.966250742
674.521,0.224955913,0.352730933,0.934970627
674.717,0.240357552,0.362681498,0.954027493
674.913,0.229943899,0.417249068,0.911969426
675.109,0.23435702,0.382204181,0.941410475
675.304,0.232231693,0.390603982,0.942566922
675.5,0.223609804,0.429195613,0.921735428
675.696,0.226587239,0.413150288,0.980755798
675.892,0.231448959,0.334486999,0.946070719
676.088,0.231182997,0.338870311,0.876634335
676.283,0.241339291,0.418220403,0.906516324
676.479,0.255874501,0.413795515,0.92711533
676.675,0.243576654,0.381941881,0.917465753
676.87,0.22754424,0.386484057,0.864776186
677.066,0.215926093,0.374405383,0.905788715
677.262,0.228827148,0.394668562,0.916209611
677.457,0.216724354,0.353261104,0.88726094
677.653,0.242406473,0.330910956,0.881110412
677.849,0.249588128,0.371770899,0.846811593
678.044,0.213376903,0.377821876,0.891348762
678.24,0.234664791,0.405502416,0.915452692
678.435,0.188995401,0.366229584,0.873488142
678.631,0.20766427,0.312964197,0.850688355
678.827,0.207318269,0.359622581,0.908572727
679.022,0.214791813,0.3681292,0.837351223
679.218,0.216833548,0.39365586,0.880126114
679.413,0.22801445,0.362366989,0.85166297
679.609,0.20854926,0.386493464,0.876680217
679.804,0.225647483,0.325601927,0.879595606
680,0.209656852,0.415791177,0.853757901
680.195,0.23487033,0.344173343,0.840157365
680.39,0.209197153,0.341101204,0.865850012
680.586,0.227625078,0.337667293,0.87220236
680.781,0.211189549,0.366678503,0.883707529
680.977,0.216282487,0.313865045,0.882457914
681.172,0.215332904,0.347862737,0.828943141
681.367,0.181037025,0.347747858,0.813539539
681.563,0.235595977,0.289636668,0.835838355
681.758,0.210165742,0.333538526,0.834330188
681.953,0.203998435,0.34455557,0.855125543
682.149,0.21993151,0.363568268,0.823332734
682.344,0.218069586,0.319070174,0.787023157
682.539,0.19986435,0.313136782,0.837381157
682.735,0.215978046,0.308276383,0.785281686
682.93,0.205654047,0.294995726,0.829147139
683.125,0.183169451,0.3246231,0.874978757
683.32,0.198756085,0.342526624,0.807030328
683.515,0.200612277,0.359275061,0.786043776
683.711,0.200071512,0.299992275,0.798192024
683.906,0.200911788,0.331958824,0.809975916
684.101,0.182695111,0.403191755,0.781937335
684.296,0.192761686,0.31598315,0.82305348
684.491,0.193508196,0.302574399,0.804908671
684.686,0.203624895,0.313989062,0.839696434
684.881,0.192818611,0.312949776,0.766326835
685.076,0.198813993,0.362362075,0.773404627
685.272,0.208956969,0.325013361,0.787977667
685.467,0.188305834,0.327829525,0.79723823
685.662,0.192208357,0.359797408,0.785496807
685.857,0.195857687,0.293322929,0.753895128
686.052,0.175941318,0.317288258,0.799892102
686.247,0.198220263,0.354503465,0.795357658
686.442,0.21743502,0.305172765,0.753638164
686.637,0.183326764,0.345759089,0.776156438
686.832,0.204804972,0.327199827,0.732800043
687.026,0.175760932,0.303558591,0.720898548
687.221,0.188750433,0.305890343,0.753066453
687.416,0.204458567,0.295524702,0.755645042
687.611,0.205758377,0.323888864,0.750927833
687.806,0.181131279,0.330539702,0.715980769
688.001,0.188815256,0.350958386,0.726739123
688.196,0.179880193,0.285112389,0.732463757
688.391,0.181160461,0.261235716,0.73211387
688.585,0.187779714,0.282400234,0.771808913
688.78,0.190273706,0.292901055,0.668451422
688.975,0.182049238,0.279745673,0.734807374
689.17,0.189957958,0.291510221,0.754291925
689.365,0.188719946,0.332826685,0.737382743
689.559,0.177043736,0.273637864,0.741718621
689.754,0.191583265,0.280926619,0.701540403
689.949,0.167992714,0.307119812,0.737322561
690.143,0.180571533,0.288779,0.769097742
690.338,0.202957544,0.308207169,0.695162509
690.533,0.202319778,0.249779184,0.717976197
690.727,0.17797663,0.275669884,0.722878424
690.922,0.172822908,0.322950084,0.7414158
691.117,0.16517331,0.319784527,0.743394786
691.311,0.175867038,0.297004278,0.717781268
691.506,0.19759095,0.271525304,0.753794322
691.7,0.185444765,0.284576896,0.682237569
691.895,0.1751426,0.26172376,0.697762959
692.09,0.18826711,0.274864064,0.729402699
692.284,0.168416556,0.337994969,0.659798774
692.479,0.178657265,0.315523311,0.738039072
692.673,0.197826181,0.271361672,0.640521147
692.868,0.179011853,0.236649437,0.710675247
693.062,0.165807922,0.29846517,0.710632139
693.256,0.168920283,0.297904353,0.673525914
693.451,0.16149968,0.285076658,0.725505957
693.645,0.168945331,0.242617379,0.706468901
693.84,0.1849304,0.244194284,0.711184814
694.034,0.159548571,0.239972779,0.728035086
694.229,0.162012517,0.249824608,0.656233708
694.423,0.192923336,0.299885981,0.704647438
694.617,0.161487156,0.299335954,0.680060443
694.812,0.154240969,0.267839024,0.718460646
695.006,0.151026871,0.258436689,0.689129139
695.2,0.164950012,0.27027571,0.651810242
695.395,0.16941261,0.20430638,0.676215647
695.589,0.147751237,0.224235216,0.682293454
695.783,0.163042626,0.305378653,0.675496875
695.977,0.170153445,0.275125594,0.72334599
696.172,0.154369862,0.25089263,0.657686128
696.366,0.162324637,0.335354063,0.685823591
696.56,0.146768542,0.301036466,0.62647127
696.754,0.160973345,0.269934481,0.692540428
696.948,0.148865875,0.241705234,0.632977315
697.142,0.170015455,0.278659631,0.649175149
697.337,0.177429521,0.233453604,0.678495516
697.531,0.155045408,0.277289012,0.677779076
697.725,0.156250649,0.26183669,0.685162819
697.919,0.177376557,0.304346824,0.631874004
698.113,0.158033802,0.242372274,0.655413672
698.307,0.16503896,0.284499305,0.635784223
698.501,0.171259317,0.262005671,0.646866863
698.695,0.150658904,0.253963776,0.667884762
698.889,0.16507308,0.260690815,0.665638182
699.083,0.170302878,0.272886631,0.617884779
699.277,0.154358401,0.283436342,0.605263465
699.471,0.159837859,0.26022921,0.681104636
699.665,0.173830994,0.268783853,0.667407311
699.859,0.158568277,0.262903272,0.66052198
700.053,0.139603644,0.254307493,0.646014085
700.247,0.147153274,0.242624282,0.628515906
700.441,0.156821197,0.265660307,0.639351521
700.635,0.15918522,0.279177763,0.571942967
700.829,0.157318182,0.278435226,0.619532207
701.023,0.143745635,0.274591003,0.671469648
701.216,0.148359388,0.239060793,0.651360675
701.41,0.16376181,0.254907908,0.61148878
701.604,0.156111189,0.220636041,0.606876982
701.798,0.168922913,0.274703382,0.645934968
701.992,0.144423032,0.241926006,0.604894529
702.185,0.156049839,0.217217689,0.623663422
702.379,0.153252821,0.265636492,0.63771922
702.573,0.140551858,0.240725632,0.61346203
702.767,0.157248776,0.246109801,0.616017998
702.96,0.149944791,0.212869971,0.602870969
703.154,0.140208725,0.256651426,0.613494238
703.348,0.14390097,0.282321431,0.564884195
703.541,0.143075739,0.236970607,0.587820094
703.735,0.130150183,0.268929222,0.602090003
703.929,0.140109873,0.260333057,0.600166961
704.122,0.151957186,0.243094171,0.55797212
704.316,0.144385601,0.260442893,0.618471479
704.509,0.132389021,0.254904983,0.600176705
704.703,0.139690609,0.218922899,0.616766341
704.897,0.150947663,0.261324416,0.526880933
705.09,0.127951713,0.234575101,0.582288785
705.284,0.134611245,0.204825956,0.565761664
705.477,0.152663444,0.271775239,0.61908402
705.671,0.135452077,0.215089995,0.610216456
705.864,0.13715193,0.24529775,0.626387993
706.058,0.130978874,0.236181969,0.613372051
706.251,0.129490738,0.221476502,0.574819651
706.445,0.13656322,0.248698389,0.589141092
706.638,0.148432329,0.224292907,0.582086822
706.831,0.144639082,0.230586404,0.575117779
707.025,0.135826766,0.2128863,0.559232127
707.218,0.149579528,0.234420248,0.571125585
707.411,0.148368382,0.177246482,0.541257987
707.605,0.128688165,0.235518801,0.555280017
707.798,0.166029486,0.237334534,0.569824379
707.991,0.148346013,0.21022304,0.561160886
708.185,0.141933326,0.200293731,0.603130485
708.378,0.137250056,0.183677128,0.639183344
708.571,0.142625356,0.247683826,0.53704809
708.765,0.128285565,0.223455427,0.561311774
708.958,0.139148803,0.252855166,0.561173616
709.151,0.144046036,0.225340875,0.56077353
709.344,0.147985139,0.278234985,0.60029788
709.537,0.131595322,0.24057875,0.552544913
709.731,0.127128543,0.219704615,0.57053582
709.924,0.14052443,0.218307189,0.559193889
710.117,0.143551798,0.211475382,0.540751586
710.31,0.147470464,0.200618464,0.577057775
710.503,0.149972707,0.218023209,0.551192723
710.696,0.136790741,0.245306232,0.589623496
710.889,0.130495511,0.209570673,0.504004647
711.083,0.13825972,0.236832655,0.556227499
711.276,0.133996801,0.233823643,0.546460497
711.469,0.13736441,0.223292307,0.521603386
711.662,0.135821348,0.184493832,0.537884672
711.855,0.127453476,0.238356166,0.576275318
712.048,0.139168532,0.208538837,0.512878128
712.241,0.131190348,0.253280865,0.554613523
712.434,0.147883081,0.222323428,0.507421303
712.627,0.127237464,0.209985508,0.577606672
712.82,0.125620552,0.218880883,0.509083128
713.012,0.145006337,0.227117111,0.584557582
713.205,0.114503983,0.198557618,0.541550416
713.398,0.130246179,0.283187803,0.571775522
713.591,0.124473148,0.232433178,0.540820472
713.784,0.130376452,0.222754182,0.457585273
713.977,0.124033752,0.213702656,0.526704222
714.17,0.134510938,0.20320743,0.551269435
714.363,0.136152057,0.202759863,0.541800619
714.555,0.148856465,0.245526983,0.56926855
714.748,0.136435815,0.229672327,0.582548964
714.941,0.150115353,0.225346988,0.507525051
715.134,0.134536042,0.218257262,0.495723439
715.326,0.130057383,0.175471263,0.557152274
715.519,0.150384766,0.208640598,0.569097669
715.712,0.117325567,0.214226208,0.540727979
715.905,0.132867401,0.211749059,0.557231098
716.097,0.11446612,0.215400127,0.483429672
716.29,0.125984099,0.219827716,0.518262103
716.483,0.136960007,0.212156581,0.555604235
716.675,0.128928203,0.213578771,0.516734693
716.868,0.135822028,0.216408971,0.55462909
717.06,0.128436862,0.231987448,0.535707399
717.253,0.119961958,0.188423892,0.521713842
717.446,0.124025178,0.195321593,0.498299741
717.638,0.141561383,0.224708719,0.538133253
717.831,0.123782489,0.226084354,0.504578296
718.023,0.132829475,0.197654097,0.532749479
718.216,0.124983966,0.177139552,0.528265247
718.408,0.12423622,0.227385156,0.51289394
718.601,0.11683998,0.226005681,0.494212566
718.793,0.135173313,0.239238211,0.489162043
718.986,0.114227485,0.191172144,0.50897273
719.178,0.132425648,0.223661047,0.51206418
719.371,0.132691639,0.211752539,0.541638733
719.563,0.123554402,0.218148128,0.509407897
719.755,0.132655821,0.231952887,0.537179106
719.948,0.143413826,0.19270077,0.488849667
720.14,0.116795545,0.19094265,0.502609945
720.332,0.116321797,0.20503959,0.536495236
720.525,0.134888636,0.244188982,0.511542367
720.717,0.117480246,0.231029844,0.522720404
720.909,0.115513801,0.234142555,0.48185247
721.102,0.113432736,0.215612974,0.482648445
721.294,0.11595494,0.239021971,0.509882577
721.486,0.136742172,0.186362064,0.501260717
721.678,0.120034376,0.18629823,0.473370635
721.871,0.136941655,0.190320517,0.549362878
722.063,0.127546496,0.212991202,0.466002066
722.255,0.127149497,0.199214966,0.522937195
722.447,0.111934738,0.26262436,0.529410805
722.639,0.11030846,0.249216806,0.453262075
722.832,0.112637143,0.227825165,0.488475129
723.024,0.11105237,0.213921625,0.502410494
723.216,0.123512924,0.20696595,0.485563819
723.408,0.137620139,0.192813448,0.494565453
723.6,0.131589349,0.178111028,0.51455997
723.792,0.119278377,0.198084745,0.492845177
723.984,0.131860914,0.247225783,0.525180951
724.176,0.108627621,0.180963258,0.491167016
724.368,0.12551699,0.222929046,0.479457823
724.56,0.098980357,0.188935126,0.473108781
724.752,0.119436808,0.199599978,0.47602375
724.944,0.13760696,0.199541242,0.521299069
725.136,0.12602774,0.175792344,0.533394211
725.328,0.111220624,0.185578982,0.498427348
725.52,0.112182835,0.18387727,0.439214056
725.712,0.107719968,0.191901628,0.476260815
725.904,0.113728546,0.210410317,0.502779083
726.096,0.120107899,0.20753405,0.494105141
726.288,0.114690508,0.188674871,0.479917188
726.48,0.122386327,0.221586876,0.500494064
726.671,0.108246191,0.183820789,0.485740011
726.863,0.115785019,0.188191589,0.470392767
727.055,0.12618421,0.199316657,0.492109522
727.247,0.106753207,0.19099103,0.482359996
727.439,0.121816479,0.197162081,0.50344493
727.63,0.11759911,0.19377058,0.464360083
727.822,0.1246831,0.191382869,0.505488228
728.014,0.116906995,0.188491397,0.518048455
728.206,0.106628313,0.178004319,0.501238917
728.397,0.1213577,0.175016616,0.492368177
728.589,0.103173419,0.177871017,0.527283765
728.781,0.130000255,0.186450461,0.487611619
728.972,0.108937522,0.177730752,0.46263085
729.164,0.111775993,0.198297409,0.452583213
729.356,0.118427437,0.188829776,0.468510022
729.547,0.109326867,0.207960344,0.453189491
729.739,0.126585975,0.201306331,0.461879643
729.93,0.117348327,0.179488004,0.459600918
730.122,0.122179231,0.198566896,0.43455001
730.314,0.121196286,0.198912294,0.501261679
730.505,0.111509723,0.19449498,0.449235629
730.697,0.110048924,0.169114223,0.471850246
730.888,0.116776309,0.207963611,0.477073803
731.08,0.10908906,0.216961411,0.461962147
731.271,0.104035254,0.209186824,0.471553578
731.463,0.104511973,0.180632346,0.455283155
731.654,0.112836263,0.20208243,0.4666787
731.845,0.101930854,0.206781427,0.448841385
732.037,0.112795459,0.174340271,0.42196918
732.228,0.110130669,0.198497906,0.476688234
732.42,0.108580597,0.215221876,0.468377217
732.611,0.11823031,0.1770523,0.433995256
732.802,0.099576721,0.19227423,0.452509533
732.994,0.112249457,0.218846392,0.462766769
733.185,0.131478016,0.203004153,0.444765088
733.376,0.107262446,0.18998632,0.438673479
733.568,0.126788598,0.182497422,0.457969056
733.759,0.096049546,0.181764939,0.473253523
733.95,0.117776031,0.18445564,0.463142567
734.141,0.110425466,0.198497456,0.472322384
734.333,0.128195787,0.208288699,0.44642715
734.524,0.125072443,0.189045987,0.45833738
734.715,0.106706192,0.174153115,0.457657718
734.906,0.115035746,0.195967437,0.464431229
735.097,0.11251781,0.17458251,0.489767825
735.289,0.108073967,0.193477926,0.473915818
735.48,0.119102547,0.200799064,0.483450012
735.671,0.114152771,0.185291516,0.45022909
735.862,0.116798933,0.178490839,0.428670006
736.053,0.115745892,0.187071936,0.411343555
736.244,0.123750236,0.189980375,0.48905466
736.435,0.111349923,0.194788189,0.467340801
736.626,0.116006608,0.198843091,0.464318606
736.817,0.116535886,0.192796837,0.454960496
737.008,0.097208282,0.177856365,0.488359567
737.199,0.1087362,0.223207415,0.467484068
737.39,0.114643198,0.193176593,0.42998966
737.581,0.122854195,0.198546666,0.461585279
737.772,0.129251482,0.186878289,0.446454861
737.963,0.107699588,0.190309295,0.452019328
738.154,0.120574897,0.189469357,0.47627223
738.345,0.115518147,0.191330031,0.457704476
738.536,0.110067724,0.232136619,0.470225
738.727,0.117114989,0.20503803,0.474689488
738.918,0.109273465,0.163324226,0.465491804
739.108,0.105561866,0.178233526,0.478636957
739.299,0.117758764,0.199649847,0.424507381
739.49,0.112224941,0.188394793,0.474857308
739.681,0.121244914,0.203984482,0.406652171
739.872,0.105705963,0.127299058,0.403235818
740.062,0.117803689,0.205601424,0.47840826
740.253,0.114980652,0.167292958,0.472640745
740.444,0.112710426,0.165617428,0.43089885
740.635,0.108666254,0.19171089,0.465071713
740.825,0.117130273,0.21508927,0.457623652
741.016,0.103460229,0.190172995,0.475826176
741.207,0.116931425,0.177517785,0.440735241
741.397,0.090254371,0.20005472,0.486373347
741.588,0.102345965,0.179780206,0.479679842
741.779,0.119683889,0.217703768,0.440082792
741.969,0.116802263,0.221144863,0.495200871
742.16,0.116124236,0.189324368,0.446635996
742.351,0.114090823,0.190992446,0.420822942
742.541,0.120573346,0.196421796,0.479016681
742.732,0.110016896,0.23714355,0.476837055
742.922,0.125902214,0.210393184,0.463217592
743.113,0.106047499,0.202977086,0.453767771
743.303,0.112632299,0.186743678,0.466282281
743.494,0.1086197,0.193816607,0.490359752
743.684,0.111416752,0.221715705,0.485549424
743.875,0.111688017,0.177936158,0.469510715
744.065,0.120635269,0.213185748,0.477412714
744.256,0.10772341,0.192843994,0.51055035
744.446,0.123173958,0.170273474,0.453215746
744.636,0.116011335,0.18627137,0.453870909
744.827,0.120509731,0.189264518,0.425755274
745.017,0.11609088,0.233491755,0.479226875
745.207,0.12017393,0.227760305,0.472738098
745.398,0.12367575,0.200281776,0.448284583
745.588,0.119306604,0.194480931,0.483994634
745.778,0.121585956,0.227419665,0.48385243
745.969,0.113871876,0.179207183,0.498677482
746.159,0.113121928,0.212869171,0.471845693
746.349,0.109676696,0.200977654,0.512474319
746.539,0.119942438,0.206736062,0.451052659
746.73,0.120298618,0.196193418,0.483113898
746.92,0.127020408,0.242403144,0.484293139
747.11,0.127213693,0.20914539,0.502844192
747.3,0.123981649,0.264553665,0.573166676
747.49,0.123917887,0.279278241,0.531754585
747.681,0.121675312,0.282992662,0.550004083
747.871,0.139630705,0.319208326,0.554847972
748.061,0.116593221,0.315868264,0.525856305
748.251,0.12333718,0.336758065,0.57209186
748.441,0.126122883,0.361920927,0.589969324
748.631,0.125474533,0.356248573,0.584898534
748.821,0.104563462,0.347532399,0.675594027
749.011,0.108254469,0.388855088,0.574092168
749.201,0.111388539,0.381661494,0.632001873
749.391,0.135652104,0.395289169,0.614705291
749.581,0.111649194,0.395065347,0.59726139
749.771,0.138092248,0.388958551,0.649453642
749.961,0.114722341,0.392537947,0.616371038
750.151,0.107723325,0.402001222,0.588264105
750.341,0.098042189,0.326851004,0.590900869
750.531,0.124260168,0.384683059,0.596692549
750.721,0.113149717,0.399647853,0.695151716
750.911,0.113832171,0.349099183,0.606298397
751.101,0.114804173,0.392712043,0.63064414
751.29,0.111198171,0.386354793,0.634450482
751.48,0.114908664,0.421820891,0.649337051
751.67,0.110756207,0.40822828,0.599404118
751.86,0.110487546,0.372516115,0.665453551
752.05,0.10740045,0.386973968,0.668100283
752.24,0.107474196,0.4055073,0.597946411
752.429,0.116637334,0.368607439,0.602200108
752.619,0.103093296,0.362069662,0.619456137
752.809,0.119154566,0.376566413,0.583370895
752.998,0.090915443,0.324896935,0.535867225
753.188,0.113840118,0.333437189,0.570812503
753.378,0.117979887,0.323629415,0.574500523
753.568,0.109807978,0.302803568,0.542175912
753.757,0.117017806,0.278051016,0.506756725
753.947,0.128234621,0.283737759,0.505996752
754.136,0.122594838,0.237301962,0.474916768
754.326,0.108282293,0.248571622,0.481912392
754.516,0.120519118,0.276179038,0.522337583
754.705,0.111117008,0.227475118,0.513077392
754.895,0.11315541,0.280412125,0.520828029
755.084,0.117027374,0.290346838,0.62587043
755.274,0.110676132,0.356401906,0.598355189
755.463,0.116798255,0.471222856,0.699328508
755.653,0.151220917,0.574376679,0.774864351
755.842,0.124505416,0.66702324,0.890850691
756.032,0.152620029,0.810057979,0.94385868
756.221,0.187545671,0.859765158,0.971659768
756.411,0.214192056,0.874795499,1.047330436
756.6,0.218295551,0.991000673,1.091739937
756.789,0.285750884,1.167910175,1.293054483
756.979,0.298073416,1.220830053,1.306549074
757.168,0.322340166,1.456743335,1.402629819
757.358,0.369202689,1.624041318,1.50287743
757.547,0.424415696,1.71247976,1.66108104
757.736,0.463848424,1.866261283,1.829579529
757.926,0.491752274,2.053487674,1.845371721
758.115,0.529406731,2.152138817,1.892215458
758.304,0.559378449,2.339275807,2.108380678
758.493,0.603587447,2.391430013,2.155524517
758.683,0.621608933,2.524840519,2.192533086
758.872,0.639982963,2.612694189,2.374936334
759.061,0.686851969,2.665489848,2.512659704
759.25,0.745648225,2.755247047,2.537574522
759.439,0.788521254,3.042709957,2.669006602
759.629,0.840605462,3.179394175,2.821634757
759.818,0.953294507,3.584965873,3.108668622
760.007,1.094693263,4.033234272,3.434691003
760.196,1.115342945,4.166879552,3.464550816
760.385,1.060073055,4.056456996,3.387342717
760.574,0.965529817,3.844774394,3.251607641
760.763,0.970482352,3.610953433,3.071398485
760.952,0.92116489,3.392167703,2.950725577
761.141,0.90089459,3.361389216,2.923296287
761.33,0.966075553,3.634621615,3.133210421
761.519,1.033742422,3.902728566,3.306309433
761.708,1.090723506,4.113764033,3.545044958
761.897,1.096117723,4.169352859,3.539294807
762.086,0.978111298,3.817564174,3.271691211
762.275,0.940937677,3.535202807,2.966218914
762.464,0.896329633,3.500953834,2.943686304
762.653,0.821827647,3.359121403,2.905565865
762.842,0.900257565,3.396296268,2.996698753
763.031,0.834468273,3.285919149,2.849922485
763.22,0.859883935,3.370927315,2.921247637
763.409,0.802047291,3.087876412,2.79185121
763.597,0.800541858,3.023152919,2.680544213
763.786,0.804936434,2.979104981,2.679478643
763.975,0.848724132,3.344771282,2.941219581
764.164,0.913425106,3.503848957,3.10413565
764.353,1.022415232,3.864390043,3.466556193
764.541,1.10902024,4.261181215,3.597410915
764.73,1.221786746,4.438990577,3.862960064
764.919,1.2070656,4.434104356,3.834148377
765.108,1.167437093,4.586982888,3.777449807
765.296,1.176339408,4.466893224,3.681027919
765.485,1.195332695,4.231975752,3.673937183
765.674,1.232212522,4.541474397,3.769985241
765.862,1.369643507,4.920780725,4.236980663
766.051,1.534663784,5.570672473,4.757257924
766.239,1.682731145,6.150167236,5.244566911
766.428,1.862700155,6.692558984,5.539063841
766.617,1.943849599,7.180845515,5.911069377
766.805,1.97193327,7.328191531,5.941280659
766.994,1.94545444,7.225614181,5.932325683
767.182,1.930581885,7.198204385,5.796995065
767.371,1.883506604,7.028429472,5.660557517
767.559,1.820619077,6.825825098,5.435556603
767.748,1.738255707,6.524987153,5.371482719
767.936,1.758408888,6.357312161,5.29926007
768.125,1.866746329,6.806651835,5.601447684
768.313,1.95499188,7.223792823,5.855580899
768.502,2.03328441,7.524297172,6.240174095
768.69,2.112590495,7.743483137,6.254152524
768.878,2.159762583,8.222098209,6.453644548
769.067,2.115546575,8.155339467,6.473281895
769.255,2.036779379,7.685427739,6.220189311
769.444,1.897786444,7.30590287,5.835423344
769.632,1.775318952,6.942500702,5.565379915
769.82,1.65549747,6.557998059,5.122903775
770.008,1.641832072,6.277441717,5.224234558
770.197,1.620653513,6.117957895,5.01014197
770.385,1.539742308,5.898866924,4.807524577
770.573,1.436288887,5.503753897,4.717235439
770.761,1.381458971,5.342129652,4.369807033
770.95,1.309370762,5.136211592,4.222134342
771.138,1.263883367,5.015283177,4.145899926
771.326,1.361776767,5.210724536,4.454413872
771.514,1.39273389,5.380946537,4.46286547
771.702,1.48177654,5.651864262,4.772602104
771.891,1.472156019,5.640382095,4.74887511
772.079,1.468821111,5.646760838,4.569105086
772.267,1.595420812,5.929852037,4.930034549
772.455,1.613166154,6.250504895,5.234967788
772.643,1.704628682,6.590611429,5.412831741
772.831,1.829531193,6.893708948,5.727701396
773.019,2.020203988,7.413960208,5.992145609
773.207,2.054428474,7.762935668,6.228759979
773.395,2.129562465,7.974593507,6.61425699
773.583,2.132066702,7.976570164,6.384227928
773.771,2.11429188,8.056693,6.573234787
773.959,2.092222166,7.889504095,6.280103979
774.147,2.124813221,7.864016969,6.526094682
774.335,2.111508306,7.993845153,6.507095992
774.523,2.183361917,8.196449786,6.668045305
774.711,2.161535727,8.345764281,6.654634201
774.899,2.24644844,8.40563471,6.719602226
775.087,2.241090007,8.51772568,6.894179535
775.274,2.286363023,8.634095857,6.970803866
775.462,2.307649163,8.797972336,7.121301581
775.65,2.340488855,8.985836438,7.224522304
775.838,2.351615499,8.966814685,7.231118422
776.026,2.260403003,8.780654331,7.004317436
776.213,2.209822106,8.458616578,6.823433871
776.401,2.103730543,8.297665513,6.575312767
776.589,1.973139476,7.815856308,6.257939561
776.777,1.870351558,7.441886084,6.0411971
776.964,1.85747822,7.093809391,5.647861149
777.152,1.720135299,6.675106556,5.326626313
777.34,1.653624637,6.425731146,5.364813958
777.527,1.627209235,6.191280288,5.100971189
777.715,1.593281081,5.992849306,4.968951306
777.903,1.476389357,5.909630226,4.795326575
778.09,1.457746916,5.544508267,4.627632477
778.278,1.393467091,5.38799808,4.424171869
778.465,1.304120457,5.275702121,4.286135188
778.653,1.30305792,5.211451707,4.280151515
778.841,1.369871976,5.471174845,4.459596533
779.028,1.527745526,5.884040094,4.89608828
779.216,1.65420772,6.37262536,5.127829981
779.403,1.769378531,6.746233154,5.697586394
779.591,1.955138198,7.26854064,5.960802493
779.778,2.085654361,7.868059924,6.385131564
779.966,2.052722149,8.092099591,6.560440974
780.153,2.110536482,7.839652195,6.177782868
780.34,1.989967105,7.580398805,5.98035974
780.528,1.935742524,7.246692802,5.749764955
780.715,1.858193686,6.95059562,5.639859385
780.903,1.772110066,6.743458139,5.335621117
781.09,1.661666942,6.534816487,5.314125812
781.277,1.589025897,6.155902751,4.896509638
781.465,1.588726101,5.850585089,4.774247
781.652,1.406308122,5.530492357,4.474328975
781.839,1.409897685,5.554556747,4.296209003
782.027,1.419740799,5.342195793,4.278539223
782.214,1.427185168,5.419257359,4.371205763
782.401,1.341709582,5.499295912,4.338076935
782.588,1.333366075,5.347258163,4.236284364
782.776,1.378204433,5.496027551,4.40282549
782.963,1.388722857,5.453070801,4.413319123
783.15,1.409065913,5.437352387,4.420052351
783.337,1.432165276,5.532475928,4.43324526
783.524,1.374499902,5.273740019,4.367511602
783.711,1.314265892,5.085273742,4.145319225
783.898,1.268645389,4.849452356,4.004928679
784.086,1.213002907,4.646083326,3.786531823
784.273,1.158029185,4.479115045,3.568159181
784.46,1.176108311,4.385619407,3.673722687
784.647,1.161081439,4.316280438,3.53112818
784.834,1.097650332,4.392346751,3.443767455
785.021,1.103458612,4.179151162,3.447916108
785.208,1.115046684,4.175037895,3.40430168
785.395,1.079516998,3.991236735,3.275154383
785.582,1.017586296,3.834247953,3.17815788
785.769,0.980478557,3.808173552,3.087759116
785.956,0.958397719,3.556446659,3.007390925
786.143,0.913635248,3.712925067,3.021279046
786.33,0.891161692,3.602783992,2.99065781
786.516,0.94140086,3.519004434,2.853615397
786.703,0.85251483,3.367635789,2.82894431
786.89,0.881951797,3.371422164,2.760707542
787.077,0.870590457,3.380353565,2.765724411
787.264,0.856928172,3.334746069,2.827148579
787.451,0.856214714,3.369287833,2.788672289
787.638,0.798758682,3.194187976,2.71830588
787.824,0.800731375,3.141886711,2.679232886
788.011,0.840345141,3.101697985,2.734815749
788.198,0.820415868,3.155360443,2.550045201
788.385,0.824843005,3.126415216,2.643005241
788.571,0.79566181,3.149697869,2.568381357
788.758,0.819404354,3.129589343,2.641160987
788.945,0.807308953,3.172020601,2.582389216
789.131,0.800328801,3.160970963,2.782380873
789.318,0.85983833,3.306568983,2.773742339
789.505,0.898165687,3.53577997,2.975314907
789.691,0.90520441,3.547239387,3.006517765
789.878,0.956204127,3.769399583,3.044663842
790.064,1.009769801,3.779233001,3.289254364
790.251,0.998090921,3.814538414,3.178109305
790.438,0.985647259,3.888142514,3.218145885
790.624,1.02914338,3.904780971,3.289353961
790.811,1.035686886,3.988208463,3.295543371
790.997,1.106659525,4.241264655,3.369275978
791.184,1.120217874,4.345010534,3.513076087
791.37,1.160955739,4.376092541,3.552940904
791.557,1.094562826,4.266932686,3.394875094
791.743,1.155265868,4.358195583,3.561332951
791.93,1.201899815,4.425746489,3.682437679
792.116,1.291402949,4.715716998,3.852903321
792.302,1.354699989,5.036670289,4.142929622
792.489,1.407402254,5.208024245,4.262423148
792.675,1.328375011,5.055749896,4.077247931
792.861,1.372582851,5.067475874,4.167359377
793.048,1.431783565,5.213575206,4.290787954
793.234,1.407356714,5.387217682,4.32433226
793.42,1.401641058,5.30718849,4.153577814
793.607,1.367582083,5.257532356,4.332631533
793.793,1.414109006,5.429091305,4.343554834
793.979,1.552714081,5.760216151,4.580825775
794.165,1.542058738,5.765972095,4.542752962
794.352,1.555994458,5.780753109,4.610297529
794.538,1.484614457,5.627769085,4.368578529
794.724,1.552398776,5.623449248,4.47041031
794.91,1.456417516,5.45052557,4.301030437
795.096,1.491487749,5.477741291,4.556295485
795.283,1.43124152,5.312118796,4.243238467
795.469,1.409225429,5.271636427,4.248314243
795.655,1.403717626,5.199298274,4.192064132
795.841,1.342617733,5.082871746,4.132681994
796.027,1.388734364,5.062203159,4.182422545
796.213,1.342268477,4.886119818,3.982134904
796.399,1.341992275,4.83612622,3.988954507
796.585,1.36395503,4.95250417,3.921283439
796.771,1.29674367,4.906575272,3.966504514
796.957,1.269887105,4.699200163,3.705524517
797.143,1.12928502,4.267736351,3.464840605
797.329,1.036754998,4.123344278,3.250278563
797.515,1.03043863,4.107385595,3.264995985
797.701,1.056910968,3.88686882,3.180184441
797.887,0.978234446,3.766220392,3.003377446
798.073,0.933961318,3.553566622,2.876908572
798.259,0.9044756,3.49710153,2.87438275
798.444,0.872820758,3.351063835,2.664551103
798.63,0.900396526,3.277778785,2.796438643
798.816,0.943133186,3.482362333,2.864003318
799.002,0.94409652,3.6431464,2.96933207
799.188,0.955821282,3.546064234,2.96390279
799.374,0.934464593,3.590825255,2.969834001
799.559,0.877504226,3.439622438,2.807334444
799.745,0.866992582,3.33154288,2.625626187
799.931,0.823759165,3.319284223,2.687875045
800.117,0.84092495,3.227939243,2.696989463
800.302,0.816423259,3.159505426,2.501996905
800.488,0.811341268,3.119579556,2.477841865
800.674,0.805984258,3.040081539,2.515572232
800.859,0.79045293,2.921947429,2.493397767
801.045,0.76351553,2.861211957,2.390871261
801.231,0.74728902,2.914781034,2.380301583
801.416,0.772413276,2.884692168,2.272264293
801.602,0.761487765,2.893907043,2.400634346
801.787,0.750243595,2.825829948,2.364777981
801.973,0.734108505,2.833581939,2.279192524
802.158,0.684623358,2.70360989,2.170444541
802.344,0.677956647,2.563971543,2.163673734
802.529,0.609484888,2.416012274,2.021060002
802.715,0.578593224,2.260281594,1.963705388
802.9,0.560435599,2.134989927,1.877655183
803.086,0.497955628,2.021578165,1.847658964
803.271,0.534168716,2.006427999,1.729003859
803.457,0.503816261,1.992817261,1.66745521
803.642,0.503355062,1.929609383,1.671242609
803.828,0.475863086,1.859906492,1.597248555
804.013,0.467623752,1.830731458,1.625117065
804.198,0.456547203,1.843085429,1.63649499
804.384,0.44812154,1.808376372,1.587505046
804.569,0.416101914,1.78345876,1.549334499
804.754,0.418639526,1.668668332,1.475780333
804.94,0.361405231,1.521048519,1.414562256
805.125,0.340442092,1.409761137,1.318223969
805.31,0.302499606,1.336828193,1.278124613
805.495,0.312099082,1.230962951,1.213908065
805.681,0.296564972,1.15654209,1.105155371
805.866,0.264805736,1.170067451,1.093987101
806.051,0.232134793,0.993295192,1.001428344
806.236,0.213745189,0.98231816,0.95547172
806.421,0.203841962,0.914261605,1.037894053
806.607,0.207337179,0.845614018,0.887403244
806.792,0.190025505,0.7929921,0.888281961
806.977,0.184770336,0.723408181,0.844986119
807.162,0.161258661,0.716400412,0.840856118
807.347,0.150044862,0.707416418,0.800463816
807.532,0.151033792,0.592020516,0.760021034
807.717,0.16500743,0.611453064,0.727726183
807.902,0.12315888,0.555869543,0.70765756
808.087,0.128547633,0.472783534,0.665275375
808.272,0.130541632,0.516942531,0.737835937
808.457,0.136901837,0.483297003,0.63314506
808.642,0.127592319,0.459187253,0.681920574
808.827,0.135655185,0.434877466,0.644041725
809.012,0.122422402,0.385142014,0.615142915
809.197,0.126994487,0.393446463,0.660429033
809.382,0.108829844,0.416198023,0.651714676
809.567,0.105795358,0.386330278,0.618043225
809.752,0.127458581,0.303640311,0.549640303
809.936,0.125627026,0.32135604,0.527641903
810.121,0.117777402,0.303817256,0.533405451
810.306,0.11414954,0.288132124,0.483041127
810.491,0.120160034,0.280650028,0.522993865
810.676,0.119585766,0.282800481,0.528374586
810.861,0.117475885,0.302518391,0.490508129
811.045,0.120933864,0.223905246,0.501955931
811.23,0.127623758,0.23259674,0.48953767
811.415,0.112486102,0.272108104,0.454151052
811.599,0.12044733,0.221331752,0.517434822
811.784,0.11955581,0.240107791,0.463049629
811.969,0.109441602,0.243652944,0.503582138
812.154,0.112581401,0.195848517,0.466349717
812.338,0.104003369,0.165810513,0.47353315
812.523,0.105236381,0.199504086,0.434927335
812.707,0.103417255,0.214730885,0.457681981
812.892,0.11132193,0.224402054,0.46221681
813.077,0.106602742,0.14690423,0.41771014
813.261,0.107841401,0.218889925,0.452065269
813.446,0.096260584,0.225171174,0.438345615
813.63,0.116023704,0.191919264,0.391601269
813.815,0.089930284,0.174332409,0.40654595
813.999,0.097880162,0.159509701,0.480781333
814.184,0.105751884,0.19856737,0.400785208
814.368,0.106891252,0.173250773,0.425045039
814.553,0.097493132,0.150074916,0.442440767
814.737,0.114208408,0.134236283,0.39112786
814.921,0.097115132,0.217067158,0.451848222
815.106,0.108095965,0.174907687,0.39024188
815.29,0.096561423,0.166402288,0.39847387
815.475,0.093660294,0.175070057,0.445462988
815.659,0.10835182,0.192767751,0.399753608
815.843,0.112634374,0.141149488,0.400436891
816.028,0.098225873,0.179958178,0.391566037
816.212,0.101889649,0.168074318,0.394008987
816.396,0.097265585,0.168598287,0.392687964
816.58,0.095094364,0.177374272,0.419278995
816.765,0.103012516,0.155728917,0.370703869
816.949,0.103909851,0.162752685,0.414173773
817.133,0.099067379,0.189488241,0.375256305
817.317,0.100930708,0.179728931,0.384474292
817.502,0.10195938,0.141245456,0.398202211
817.686,0.099490832,0.10706015,0.408772717
817.87,0.102804984,0.163618528,0.42396672
818.054,0.092815558,0.169052256,0.434539442
818.238,0.090279323,0.170463854,0.371543893
818.422,0.097959428,0.195557087,0.390316914
818.606,0.102945354,0.126281762,0.437222077
818.79,0.111149857,0.14093928,0.372578423
818.975,0.090322145,0.161831774,0.383453254
819.159,0.104725048,0.16365396,0.413968202
819.343,0.105198574,0.154351483,0.396506798
819.527,0.094893362,0.177537791,0.390456107
819.711,0.10633881,0.144086713,0.391211983
819.895,0.090662923,0.171230262,0.415390971
820.078,0.091517738,0.155426867,0.402937974
820.262,0.078302267,0.16414238,0.437022609
820.446,0.093683111,0.152316643,0.387935281
820.63,0.095353334,0.159391043,0.347305867
820.814,0.087427854,0.142683582,0.410931114
820.998,0.088042844,0.147822795,0.359253292
821.182,0.092195138,0.182912205,0.39473347
