,10.019,38.18,65.97,94.647
499.236,0.284263751,0.826237333,0.120764226,0.001468679
499.444,0.246292395,0.818401996,0.123971176,0.001424114
499.652,0.281328536,0.840573398,0.115697598,0.001326969
499.86,0.257888707,0.868795211,0.123643291,0.00153097
500.067,0.27137337,0.856181702,0.127840624,0.001539757
500.275,0.27627735,0.85703991,0.133811643,0.001474098
500.483,0.238577977,0.82259266,0.124510104,0.001488977
500.69,0.266275854,0.860129162,0.132500117,0.001492201
500.898,0.287791551,0.881438545,0.134015572,0.001524203
501.105,0.268279989,0.905295641,0.138971623,0.001579526
501.313,0.276457043,0.896282384,0.139116561,0.001681007
501.521,0.281427238,0.906062271,0.130579458,0.001618846
501.728,0.296170488,0.923874094,0.139238896,0.001574854
501.936,0.286268318,0.933390697,0.139328714,0.001744808
502.143,0.325950144,0.911670942,0.149272038,0.001548533
502.351,0.302479879,0.938298017,0.133099625,0.001733097
502.558,0.295730525,0.900487123,0.141303458,0.001716389
502.766,0.308777462,0.969713612,0.145526789,0.00170565
502.973,0.307438526,0.98981715,0.147678445,0.001867596
503.181,0.309377626,0.973613518,0.153058708,0.001715757
503.388,0.307385269,0.970648822,0.131711515,0.001758351
503.596,0.299841299,1.000765813,0.152681097,0.001722623
503.803,0.322049289,1.015960467,0.156140532,0.001870293
504.011,0.314460797,1.00214108,0.162298997,0.001749822
504.218,0.347081826,1.003278939,0.1577377,0.001790356
504.425,0.300904467,0.95498801,0.147540466,0.001811526
504.633,0.307223701,1.00099392,0.152214609,0.001834162
504.84,0.317907953,1.06641151,0.166033223,0.002000682
505.048,0.334106288,1.051020334,0.161504258,0.001889752
505.255,0.335612095,1.061208695,0.156348015,0.001932749
505.462,0.345084247,1.029497873,0.159379589,0.001866768
505.67,0.321685968,1.11067993,0.166092706,0.001968562
505.877,0.357643411,1.059883844,0.143777791,0.002056013
506.084,0.348240746,1.098566643,0.171662918,0.001841111
506.292,0.352827937,1.082941793,0.158224002,0.001876635
506.499,0.348681789,1.078892119,0.167148566,0.001925031
506.706,0.366247396,1.168209285,0.16438921,0.002063658
506.913,0.365757015,1.122888539,0.175248971,0.002156776
507.121,0.33039888,1.17128217,0.173091459,0.002016979
507.328,0.357735096,1.136540943,0.169374224,0.002125564
507.535,0.372912975,1.188697073,0.174830982,0.001944397
507.742,0.348602057,1.202146945,0.163074941,0.001977362
507.949,0.383713038,1.176164472,0.176289847,0.002165546
508.157,0.365582008,1.140183352,0.176695727,0.002120072
508.364,0.391212603,1.178652147,0.168928667,0.002184159
508.571,0.379669844,1.220001837,0.183355138,0.002197217
508.778,0.376432713,1.194437209,0.184833169,0.002065493
508.985,0.386579799,1.222746419,0.175716177,0.002270199
509.192,0.401949746,1.241752867,0.173104257,0.002218082
509.399,0.394085085,1.20317039,0.183134165,0.00216656
509.607,0.371903322,1.220762119,0.187292035,0.00217155
509.814,0.398370283,1.226124436,0.177557976,0.002116578
510.021,0.386356486,1.216507308,0.188885124,0.002199421
510.228,0.401534689,1.209334605,0.178782694,0.002223869
510.435,0.393862646,1.23605421,0.190396045,0.002342595
510.642,0.39790122,1.267925948,0.196195767,0.002348293
510.849,0.391883982,1.27611007,0.202858616,0.002397366
511.056,0.39615869,1.283909471,0.201683792,0.00224448
511.263,0.397491905,1.31249355,0.187486237,0.002466621
511.47,0.409813975,1.284584513,0.190787823,0.002266347
511.677,0.414185017,1.321599244,0.192982202,0.002307336
511.884,0.428992234,1.301168101,0.203549844,0.002367142
512.091,0.410170948,1.296925951,0.199047926,0.002497499
512.298,0.431283623,1.327113136,0.207978054,0.002385073
512.505,0.446866778,1.338355984,0.203064398,0.002471328
512.711,0.429156607,1.337537138,0.20538305,0.002576079
512.918,0.421681938,1.357752772,0.200385086,0.002385982
513.125,0.418327067,1.321648,0.207688259,0.002475514
513.332,0.455018498,1.367966853,0.209924594,0.002511451
513.539,0.439551772,1.386761425,0.202558981,0.00247481
513.746,0.429711395,1.405574443,0.202764357,0.002323128
513.953,0.41631245,1.367578111,0.2159122,0.002537136
514.159,0.429581839,1.407655792,0.222322163,0.002514646
514.366,0.466977434,1.479466517,0.209921517,0.002664599
514.573,0.44414872,1.391735152,0.218146665,0.00252898
514.78,0.460540055,1.390474358,0.219009997,0.00245506
514.986,0.475640867,1.453327508,0.207551148,0.00268465
515.193,0.496409926,1.446136951,0.220133075,0.002524182
515.4,0.442065313,1.421773915,0.212391353,0.002600754
515.607,0.448526039,1.430259592,0.22531076,0.002511044
515.813,0.457802936,1.427156168,0.218991709,0.002495905
516.02,0.475004371,1.486128616,0.216312415,0.002634238
516.227,0.462053665,1.452830189,0.219045235,0.002753699
516.433,0.456269007,1.500386967,0.223279376,0.002663092
516.64,0.478671054,1.502633472,0.222806567,0.002669096
516.847,0.492639575,1.529265491,0.219483465,0.002930274
517.053,0.471487565,1.499003406,0.224235333,0.002567875
517.26,0.461041344,1.447357255,0.223883133,0.002821341
517.467,0.486018383,1.533951271,0.230253387,0.002661215
517.673,0.453867144,1.427242833,0.222896409,0.002532656
517.88,0.466845136,1.540793261,0.225760787,0.002641067
518.086,0.474368947,1.519742048,0.223523646,0.002681601
518.293,0.48927397,1.559817418,0.228676209,0.00278105
518.499,0.487217556,1.553488761,0.222580064,0.002721165
518.706,0.511348982,1.572190346,0.240285187,0.002856357
518.912,0.476384484,1.555913605,0.235074634,0.002889386
519.119,0.507783474,1.570233445,0.222210319,0.002851579
519.325,0.480862281,1.573591909,0.22555902,0.00281247
519.532,0.532475912,1.578133583,0.245026929,0.002861651
519.738,0.486744482,1.562210792,0.236012381,0.002887872
519.945,0.480500515,1.573561159,0.237357773,0.002808909
520.151,0.523592784,1.556313607,0.222586845,0.002753631
520.358,0.505832601,1.622538961,0.242203257,0.002832178
520.564,0.490893679,1.652873307,0.240380137,0.002722971
520.771,0.496586783,1.611665399,0.247190247,0.003155351
520.977,0.514893112,1.573088482,0.229286542,0.002895601
521.183,0.501625145,1.606298992,0.234118025,0.003029613
521.39,0.507346051,1.596212757,0.229903332,0.00278823
521.596,0.491345141,1.627891895,0.248204267,0.003051235
521.802,0.539911034,1.62095609,0.249941059,0.002725634
522.009,0.507037801,1.612201505,0.239473098,0.002804966
522.215,0.517803909,1.623623034,0.236705535,0.002912659
522.421,0.502032822,1.653669997,0.24072149,0.003015696
522.628,0.513581129,1.637338773,0.235307517,0.002984867
522.834,0.51326346,1.658038568,0.251206764,0.00297788
523.04,0.500328738,1.596945324,0.233609553,0.003005158
523.246,0.528600658,1.667882986,0.2379961,0.00293845
523.453,0.500004386,1.643825269,0.240636865,0.003106974
523.659,0.52195831,1.619894564,0.248386654,0.002901417
523.865,0.526044475,1.625844346,0.256217551,0.00268228
524.071,0.554089281,1.687607541,0.250092898,0.002913123
524.277,0.516878123,1.671335117,0.243568952,0.002815632
524.484,0.51461636,1.65080395,0.257353105,0.003080911
524.69,0.51868725,1.629805135,0.252222153,0.003182475
524.896,0.509640787,1.662687889,0.249253769,0.002994676
525.102,0.542136794,1.64971522,0.248318563,0.003005827
525.308,0.505280515,1.64449545,0.261384491,0.002994326
525.514,0.514492988,1.728299565,0.246207967,0.003065464
525.72,0.53363609,1.654791897,0.255847439,0.003029525
525.926,0.525301051,1.693600108,0.256312707,0.002930111
526.132,0.543059806,1.697849476,0.252286294,0.003102752
526.338,0.548091171,1.663443698,0.250320842,0.003129246
526.544,0.52689696,1.66644581,0.249359903,0.003207773
526.75,0.523717825,1.63397911,0.246098609,0.002888454
526.957,0.530584516,1.706115867,0.253090611,0.003017168
527.163,0.536879593,1.726695657,0.258755035,0.003062688
527.368,0.534896881,1.690192638,0.233169448,0.002855764
527.574,0.547975361,1.655869375,0.258797663,0.003033021
527.78,0.526545963,1.680475865,0.254479687,0.003040266
527.986,0.537916761,1.699259523,0.248951656,0.003046403
528.192,0.547794537,1.683287706,0.262973367,0.002974542
528.398,0.570914338,1.714884747,0.262548867,0.002999615
528.604,0.531646746,1.741122969,0.255723556,0.003166194
528.81,0.543044498,1.696102559,0.263117627,0.003055464
529.016,0.549941539,1.714622376,0.259634661,0.003161257
529.222,0.560187217,1.740199699,0.261377793,0.003071341
529.428,0.52941836,1.704832476,0.247909688,0.003228318
529.633,0.533916817,1.713930502,0.257391893,0.00310207
529.839,0.53514166,1.729821389,0.260949269,0.003096679
530.045,0.537986798,1.700446613,0.254911002,0.003067528
530.251,0.5507784,1.698422972,0.248658691,0.003250475
530.457,0.560671795,1.737417614,0.259580532,0.002947641
530.663,0.546925598,1.709327078,0.26067335,0.003014414
530.868,0.539396136,1.740496012,0.259847503,0.003061782
531.074,0.581469584,1.737770474,0.265086919,0.003051612
531.28,0.5410546,1.698180732,0.256078193,0.003167357
531.485,0.530060739,1.766298569,0.244547029,0.002864525
531.691,0.555084251,1.745542493,0.258902963,0.003288004
531.897,0.55951028,1.68307745,0.269654956,0.003111201
532.103,0.544100524,1.745834609,0.258241447,0.003013007
532.308,0.548783166,1.720134126,0.26876315,0.003108887
532.514,0.547477752,1.750178921,0.266831885,0.003136935
532.72,0.566079432,1.732719281,0.258981047,0.003221917
532.925,0.548367237,1.71998547,0.256550643,0.003232277
533.131,0.553023667,1.713975108,0.27196232,0.003209316
533.336,0.549351814,1.698071339,0.254518535,0.003314012
533.542,0.519019149,1.680327252,0.26031682,0.003316399
533.748,0.56929013,1.705715263,0.250285556,0.003108479
533.953,0.556866148,1.716750463,0.253799722,0.003081891
534.159,0.535749028,1.739447704,0.264967044,0.002888044
534.364,0.50933018,1.718511032,0.268388679,0.003227814
534.57,0.553663082,1.745427718,0.263907665,0.003127837
534.775,0.571736342,1.744703372,0.255291366,0.003288827
534.981,0.569059581,1.73597574,0.268966708,0.003132748
535.186,0.546593969,1.770913233,0.262663462,0.003006877
535.392,0.553293517,1.76141628,0.260269612,0.00305964
535.597,0.576707484,1.749080529,0.256568371,0.003337851
535.803,0.54013547,1.749482689,0.268349866,0.003101183
536.008,0.572159854,1.749991194,0.266839474,0.003148706
536.214,0.531173761,1.724112679,0.260348353,0.003231308
536.419,0.557915221,1.772171597,0.266684494,0.003108795
536.624,0.557908938,1.807527263,0.262061163,0.003114338
536.83,0.577869436,1.829773426,0.260996168,0.003224947
537.035,0.547996686,1.763125587,0.257745517,0.003124002
537.241,0.576949994,1.771087293,0.259112713,0.003086747
537.446,0.599029365,1.777680241,0.282747554,0.003028336
537.651,0.576227517,1.725672499,0.261630261,0.003345911
537.857,0.558209357,1.732044409,0.263090777,0.003056121
538.062,0.575291543,1.761687689,0.269519346,0.003486884
538.267,0.574896826,1.79222859,0.27559044,0.003127535
538.472,0.57164845,1.719453735,0.261116572,0.003101783
538.678,0.573465492,1.720175484,0.25515975,0.003147143
538.883,0.565950995,1.771234173,0.268622421,0.003218813
539.088,0.551475541,1.76630295,0.2631085,0.003305972
539.293,0.56742796,1.820950801,0.266831428,0.003083271
539.499,0.569418196,1.771527121,0.2543143,0.003312837
539.704,0.550262229,1.818865296,0.280780008,0.003060421
539.909,0.581016344,1.785953603,0.27391092,0.003218425
540.114,0.577679758,1.789998789,0.260003828,0.003213059
540.319,0.568778668,1.853049089,0.282434942,0.003152006
540.525,0.603335824,1.824852211,0.266650119,0.003394301
540.73,0.572963734,1.819665933,0.256949941,0.003280902
540.935,0.565566464,1.79128241,0.261243365,0.003429048
541.14,0.562148524,1.821154629,0.266419891,0.00322033
541.345,0.555402211,1.835347403,0.265647846,0.00303276
541.55,0.586776148,1.83057753,0.264767019,0.003236862
541.755,0.566274684,1.772275083,0.266417414,0.003277893
541.96,0.593313996,1.770888331,0.265149025,0.003107981
542.165,0.577125991,1.793212151,0.268896696,0.003216701
542.37,0.577355135,1.830289258,0.267983299,0.003487366
542.575,0.561218134,1.808374637,0.250564261,0.003320245
542.78,0.575786959,1.838327399,0.278831394,0.003195397
542.985,0.565607119,1.80219945,0.266297914,0.003233496
543.19,0.573208799,1.81691755,0.273262447,0.003149653
543.395,0.578489383,1.804089882,0.259471993,0.003216714
543.6,0.558442718,1.826783791,0.284916926,0.003321776
543.805,0.558399662,1.784008517,0.260830816,0.003213838
544.01,0.595091176,1.857140748,0.271618069,0.003244837
544.215,0.589968544,1.82865737,0.286877653,0.003376706
544.42,0.594566804,1.805488123,0.270470589,0.003363007
544.625,0.566657632,1.827780824,0.255538242,0.003444605
544.83,0.528835134,1.835263063,0.269877081,0.003293587
545.035,0.596769241,1.796593577,0.281127473,0.003304898
545.239,0.581363071,1.82784678,0.265680712,0.003183155
545.444,0.571822343,1.789540077,0.284896563,0.003137772
545.649,0.563294354,1.806006912,0.272195019,0.00335986
545.854,0.602608977,1.867888336,0.27985719,0.00334544
546.059,0.584529575,1.866493583,0.262556784,0.003199973
546.263,0.568548068,1.828072184,0.275321303,0.003299615
546.468,0.563540521,1.811126651,0.268345074,0.003227829
546.673,0.605225079,1.816572262,0.268150398,0.003288771
546.878,0.609970214,1.794522533,0.263526906,0.003286829
547.082,0.579927158,1.816535989,0.270840307,0.003140589
547.287,0.577549211,1.796480356,0.263447528,0.003367489
547.492,0.574023965,1.832519998,0.267103302,0.003149362
547.697,0.548622388,1.837378576,0.275197778,0.003348376
547.901,0.540713715,1.802343501,0.288244963,0.003332245
548.106,0.563709948,1.836277369,0.263144292,0.003217778
548.311,0.577518281,1.801876752,0.271437517,0.003272987
548.515,0.590163436,1.774715946,0.276973039,0.003357283
548.72,0.563725352,1.820540726,0.273515922,0.003165655
548.924,0.59102538,1.767030772,0.268317503,0.003185816
549.129,0.565816792,1.811029839,0.273119233,0.00350369
549.334,0.547907367,1.81544325,0.282282079,0.003186615
549.538,0.58302249,1.832326161,0.271061144,0.003205015
549.743,0.574453414,1.798981998,0.266939624,0.003232223
549.947,0.574151437,1.826906441,0.250330832,0.003488905
550.152,0.557174336,1.806490032,0.272836143,0.003179003
550.356,0.552405817,1.755740997,0.264492562,0.003201294
550.561,0.575920097,1.840428847,0.27022265,0.003232426
550.765,0.572691621,1.804340672,0.274542142,0.003267936
550.97,0.582258242,1.79971645,0.280092623,0.003349989
551.174,0.565883035,1.815948577,0.263765922,0.00319868
551.379,0.578843823,1.798237921,0.265204054,0.003013823
551.583,0.554144858,1.820945338,0.263803089,0.003170493
551.788,0.595392006,1.808935984,0.253214169,0.003210222
551.992,0.577839434,1.784216621,0.266414767,0.003120885
552.196,0.58776565,1.82332059,0.278781356,0.003133001
552.401,0.561858472,1.805826331,0.272904452,0.003137354
552.605,0.558155124,1.807924573,0.278202787,0.003091266
552.81,0.558732663,1.76419874,0.276750277,0.003199923
553.014,0.563826636,1.770980995,0.274761688,0.003213642
553.218,0.573302417,1.763881534,0.282621609,0.002994796
553.423,0.573660013,1.780550858,0.258932475,0.00335523
553.627,0.571525644,1.813493698,0.274592582,0.003235654
553.831,0.581349856,1.808606106,0.26692053,0.00333791
554.035,0.57373645,1.739563069,0.269413429,0.003155746
554.24,0.573839658,1.762189196,0.260277158,0.003050727
554.444,0.559473777,1.772862915,0.264236793,0.003093212
554.648,0.559961721,1.804931673,0.260799326,0.003324011
554.852,0.564163948,1.786349304,0.266913184,0.003157076
555.057,0.56886248,1.770125827,0.263468973,0.003191827
555.261,0.563924666,1.783211039,0.266195301,0.003396503
555.465,0.592677997,1.807341712,0.257804503,0.003342171
555.669,0.536388972,1.728870125,0.243964064,0.003035138
555.873,0.560438836,1.759833952,0.271481236,0.003052603
556.078,0.558808098,1.746222083,0.258203448,0.003077984
556.282,0.539309843,1.768165212,0.272769327,0.003069965
556.486,0.547129769,1.816195635,0.266942681,0.003025261
556.69,0.585279937,1.758531711,0.260788942,0.003417011
556.894,0.577381265,1.785559748,0.261230372,0.003165723
557.098,0.557595635,1.730194778,0.266138093,0.003221001
557.302,0.56000102,1.774178878,0.265759236,0.003104077
557.506,0.562093023,1.798157036,0.2757701,0.003244443
557.71,0.568570571,1.801063204,0.262770959,0.003334328
557.914,0.551976352,1.752736662,0.2552284,0.003110097
558.118,0.547974466,1.750132739,0.254868301,0.003018692
558.322,0.575425977,1.763991023,0.264529318,0.00307436
558.526,0.550449018,1.718549466,0.266130827,0.003030522
558.73,0.559865022,1.730860028,0.265832561,0.003088542
558.934,0.544882459,1.74702989,0.262625754,0.003051623
559.138,0.558709257,1.752283706,0.280671046,0.002976455
559.342,0.552654794,1.759411323,0.262310887,0.003194377
559.546,0.548607118,1.736509205,0.267911537,0.003094569
559.75,0.512060251,1.735660018,0.257079949,0.003144894
559.954,0.540512059,1.69345472,0.261923515,0.003090233
560.158,0.582347841,1.786732688,0.250125771,0.003072144
560.362,0.532568301,1.774712144,0.259959633,0.003148499
560.565,0.559814107,1.690795357,0.256778825,0.0030644
560.769,0.532172836,1.714869001,0.278714462,0.003072267
560.973,0.524555603,1.750771085,0.258102239,0.003102482
561.177,0.544073246,1.767202178,0.250765379,0.003089724
561.381,0.560223244,1.681699368,0.265090059,0.003285146
561.585,0.536316315,1.678588876,0.25872105,0.003132719
561.788,0.534655378,1.676603332,0.253020118,0.003187006
561.992,0.526581371,1.725259441,0.265267138,0.003090106
562.196,0.545060084,1.704631662,0.251603427,0.003176774
562.4,0.535287019,1.692985264,0.262271196,0.003194875
562.603,0.537839757,1.675720913,0.25127745,0.002977252
562.807,0.539704068,1.789658389,0.256724077,0.003053886
563.011,0.546499959,1.730191337,0.239971468,0.003207403
563.214,0.556651734,1.747361517,0.252104616,0.003041016
563.418,0.546172445,1.726283989,0.249236506,0.003086752
563.622,0.53662415,1.686617434,0.253602656,0.003106026
563.825,0.527270274,1.688368568,0.265909139,0.003064204
564.029,0.542328802,1.68214146,0.25541007,0.002977717
564.233,0.552974133,1.740771725,0.249273301,0.003083278
564.436,0.530137034,1.728187013,0.263205165,0.002981794
564.64,0.569593223,1.698030753,0.253554886,0.003055587
564.843,0.521823399,1.684146479,0.248514441,0.002977768
565.047,0.552778432,1.659189119,0.248927567,0.00297927
565.25,0.541452996,1.710446445,0.252684655,0.003054022
565.454,0.523790829,1.679145993,0.2604632,0.002934213
565.658,0.526101476,1.706601161,0.257049289,0.002917315
565.861,0.549024113,1.630757322,0.2420314,0.002980149
566.065,0.544811606,1.68310883,0.251510197,0.003066636
566.268,0.538296494,1.66608714,0.25123338,0.003046388
566.471,0.52147334,1.655101048,0.245108757,0.002833136
566.675,0.531372254,1.633702646,0.262957006,0.003176061
566.878,0.545969109,1.656646948,0.236601197,0.003162157
567.082,0.524370659,1.644443753,0.245529373,0.003103593
567.285,0.529149531,1.651194325,0.254942776,0.003145647
567.489,0.547987543,1.667123669,0.25198067,0.002921937
567.692,0.529640171,1.641042969,0.250368381,0.002968298
567.895,0.542773913,1.665732414,0.242665839,0.003059797
568.099,0.529420077,1.646712883,0.246199844,0.003117774
568.302,0.518139899,1.655593538,0.23725439,0.003050878
568.505,0.502105986,1.655882889,0.243873062,0.002886989
568.709,0.530314919,1.638891551,0.247138244,0.002989021
568.912,0.510959838,1.653459618,0.249093531,0.003172146
569.115,0.499244336,1.639871695,0.253212992,0.003084188
569.319,0.511372354,1.681045183,0.243658928,0.003020732
569.522,0.541893752,1.65987191,0.24718417,0.002985841
569.725,0.526023584,1.672018542,0.251483043,0.003103046
569.928,0.490436265,1.629362792,0.232405796,0.002870723
570.132,0.502134793,1.614510223,0.248940684,0.003067659
570.335,0.525653407,1.629021593,0.257031857,0.00299872
570.538,0.515294572,1.629338608,0.222600828,0.002942658
570.741,0.499917965,1.612189825,0.24370186,0.002791826
570.944,0.531972296,1.640440103,0.242518768,0.002941883
571.148,0.500297993,1.620156636,0.246717839,0.002965238
571.351,0.510376257,1.610826285,0.23780321,0.002993218
571.554,0.529990132,1.616260044,0.248669853,0.002894468
571.757,0.501771793,1.609665723,0.240104937,0.002860977
571.96,0.545785005,1.629925772,0.237584831,0.002906092
572.163,0.518790104,1.599611137,0.236313414,0.002990269
572.366,0.478083724,1.602942975,0.231949665,0.00284928
572.569,0.495341201,1.611644701,0.24187019,0.002978566
572.772,0.517956602,1.576061667,0.241913175,0.002871009
572.975,0.508021814,1.610612719,0.235683547,0.002880555
573.178,0.510757418,1.616373045,0.242267679,0.002831475
573.381,0.513688022,1.588426801,0.227764014,0.002860436
573.584,0.495588666,1.660925577,0.236943596,0.002755883
573.787,0.483797765,1.604374928,0.229701791,0.002839975
573.99,0.50212535,1.589342736,0.23213948,0.00283496
574.193,0.503709557,1.628078642,0.231401887,0.003024562
574.396,0.514256821,1.587391057,0.229645134,0.002917135
574.599,0.516724856,1.525292448,0.248206953,0.002831862
574.802,0.512829675,1.564497354,0.236249325,0.002725325
575.005,0.505473373,1.574840125,0.235695472,0.00280252
575.208,0.49747858,1.569563183,0.229491787,0.002656459
575.411,0.504725787,1.584067294,0.235369498,0.002844896
575.614,0.497550606,1.574082856,0.229435761,0.002841833
575.817,0.500825313,1.502850273,0.230786984,0.002826552
576.019,0.487020543,1.57130559,0.244883678,0.002940068
576.222,0.485642148,1.554197275,0.22659415,0.002764689
576.425,0.504700791,1.581912798,0.24560371,0.00276523
576.628,0.488191286,1.562551945,0.239084853,0.002535343
576.831,0.476463706,1.573552055,0.228757063,0.002843849
577.033,0.498542579,1.569870266,0.228933778,0.002643088
577.236,0.51170311,1.583703347,0.245203941,0.002816505
577.439,0.490962195,1.576359728,0.222291567,0.002773055
577.642,0.505895727,1.567105264,0.233703472,0.002863341
577.844,0.486392383,1.506584095,0.236356548,0.002935735
578.047,0.498053641,1.461380288,0.222184675,0.002691885
578.25,0.495771679,1.540481344,0.226798631,0.002764152
578.452,0.464608112,1.542066432,0.227512699,0.002819528
578.655,0.498849759,1.514177042,0.222863577,0.002685569
578.858,0.470721156,1.519489738,0.235748038,0.002833755
579.06,0.496629824,1.524507994,0.222456477,0.002838964
579.263,0.472263223,1.506804216,0.227411178,0.002576276
579.465,0.475696364,1.485704754,0.23319147,0.002785047
579.668,0.475994279,1.538638103,0.215851765,0.002769575
579.871,0.482746206,1.481711598,0.230162782,0.002797986
580.073,0.475066883,1.504912746,0.226630804,0.002693029
580.276,0.482469561,1.521867437,0.223037308,0.002688393
580.478,0.473181813,1.450550494,0.216355832,0.002708544
580.681,0.47347851,1.513198304,0.23570899,0.002604035
580.883,0.478123854,1.515110547,0.222420569,0.002817845
581.086,0.494098124,1.526661067,0.233632182,0.00294536
581.288,0.483552123,1.453081529,0.224402772,0.002765973
581.491,0.469661756,1.496681434,0.234451451,0.002681309
581.693,0.454241636,1.540131195,0.216866499,0.00274405
581.896,0.46472183,1.457051281,0.22279207,0.002597843
582.098,0.484114877,1.495966185,0.21556449,0.002711557
582.301,0.482275957,1.436743753,0.21355195,0.002744003
582.503,0.474350777,1.514155329,0.221175596,0.002660548
582.705,0.478629598,1.491298883,0.210195267,0.002627999
582.908,0.463419752,1.420132582,0.221782318,0.002697913
583.11,0.460074959,1.473942558,0.222051043,0.002777517
583.312,0.460634066,1.483869865,0.204255795,0.002657247
583.515,0.480553147,1.436584359,0.211497665,0.002717235
583.717,0.472525287,1.432822062,0.221938106,0.00254685
583.919,0.432864733,1.49557321,0.234880521,0.002450329
584.122,0.475251531,1.432478587,0.216551428,0.002691098
584.324,0.486426982,1.393530567,0.224375689,0.002641124
584.526,0.460539429,1.465931632,0.204046773,0.002562931
584.728,0.461125591,1.417726265,0.213879153,0.002538996
584.931,0.464121639,1.431234766,0.197419912,0.00246446
585.133,0.455489725,1.408096538,0.212871354,0.002629151
585.335,0.431607905,1.395113036,0.217006268,0.002475821
585.537,0.443804146,1.386174664,0.20882139,0.002297563
585.74,0.460248273,1.462476569,0.207639095,0.002568745
585.942,0.46803426,1.408430819,0.199384688,0.002555228
586.144,0.478235603,1.426758943,0.210384132,0.002720691
586.346,0.442203422,1.369515631,0.210014281,0.002508233
586.548,0.458968379,1.41094961,0.213046316,0.002656049
586.75,0.408627068,1.401219922,0.19992626,0.00248461
586.952,0.421286271,1.404811435,0.213728133,0.0025645
587.154,0.445256584,1.355390034,0.204754885,0.002539444
587.357,0.429318555,1.362830925,0.216073777,0.002531663
587.559,0.467561469,1.4020951,0.21688923,0.002660429
587.761,0.423272771,1.375844125,0.209682127,0.002360265
587.963,0.460010107,1.390248942,0.2109816,0.002591123
588.165,0.447974274,1.401628943,0.206365944,0.002579559
588.367,0.46663817,1.370915927,0.203237797,0.002497429
588.569,0.40345008,1.360109292,0.212083776,0.002592098
588.771,0.442206721,1.340945174,0.200490657,0.002614128
588.973,0.458015463,1.337626999,0.19550452,0.002702481
589.175,0.45077543,1.379809118,0.213266884,0.002472356
589.377,0.438883011,1.380834983,0.198734234,0.002502775
589.578,0.425917527,1.316697503,0.20448674,0.002418402
589.78,0.422598172,1.357706416,0.198432049,0.002579656
589.982,0.435148328,1.343524759,0.205279869,0.002395334
590.184,0.439681006,1.33750343,0.189801039,0.002510928
590.386,0.431892329,1.365212211,0.20330385,0.002506466
590.588,0.436507015,1.352343715,0.18736483,0.002504405
590.79,0.441478381,1.337414809,0.210049864,0.002372474
590.992,0.416589289,1.352737833,0.202104067,0.002613376
591.193,0.447496274,1.356050513,0.194909875,0.002422255
591.395,0.419702536,1.344718133,0.196661384,0.002483352
591.597,0.418045703,1.380199604,0.199094824,0.002425828
591.799,0.423035987,1.364820056,0.211949174,0.002412469
592,0.425232468,1.349552219,0.208922071,0.002344713
592.202,0.439230767,1.33685974,0.196216868,0.002328734
592.404,0.422422855,1.371013643,0.191033129,0.002223241
592.606,0.417645491,1.301800579,0.198896074,0.002563452
592.807,0.409325871,1.343497016,0.182571694,0.00226636
593.009,0.432580901,1.331230078,0.19171648,0.002204319
593.211,0.425817803,1.311217661,0.205708922,0.002465711
593.412,0.434179437,1.311457123,0.203319915,0.002430866
593.614,0.407988503,1.327545492,0.200552814,0.002458137
593.816,0.415101477,1.283492714,0.199837731,0.002501603
594.017,0.414725457,1.288296616,0.200019812,0.002307929
594.219,0.429715245,1.351403303,0.201552014,0.002493584
594.421,0.4128848,1.329036534,0.185268416,0.002469225
594.622,0.419376326,1.366735348,0.184243434,0.002455136
594.824,0.425390184,1.316236367,0.200046405,0.002432047
595.025,0.429520988,1.300171857,0.185788095,0.002285134
595.227,0.399243179,1.263089232,0.187138311,0.00232642
595.428,0.410570689,1.298542985,0.189033394,0.002498769
595.63,0.420753185,1.254272863,0.191393109,0.002342146
595.831,0.414372826,1.304007948,0.19807101,0.002253639
596.033,0.413398898,1.306071433,0.195524753,0.002324168
596.234,0.439898823,1.27789041,0.202726753,0.002439228
596.436,0.407366411,1.306251235,0.200135262,0.002315338
596.637,0.425122107,1.3100677,0.196641453,0.002490865
596.839,0.395785029,1.310421555,0.194527551,0.00234495
597.04,0.415237669,1.323460387,0.189024927,0.002328492
597.241,0.395996853,1.315771803,0.180149811,0.00232754
597.443,0.434815878,1.310337718,0.197564598,0.002312263
597.644,0.402548717,1.302451435,0.197571856,0.002447835
597.846,0.414731698,1.299157568,0.185572379,0.002312718
598.047,0.401925274,1.284375075,0.190549569,0.002410927
598.248,0.390925484,1.274974017,0.185394578,0.002276582
598.45,0.413660411,1.279334903,0.192378034,0.002292163
598.651,0.420271608,1.33135485,0.187202963,0.002280377
598.852,0.42099789,1.245522588,0.181395819,0.002280163
599.053,0.392132505,1.245201163,0.193304992,0.002172006
599.255,0.396977027,1.27806492,0.182205598,0.002325994
599.456,0.411925509,1.317759351,0.18950572,0.002312595
599.657,0.397452611,1.264270227,0.193438808,0.002188619
599.858,0.393418594,1.265018588,0.192702137,0.002308225
600.06,0.405596361,1.290443914,0.19266299,0.002274544
600.261,0.399742603,1.25130427,0.192783551,0.002259249
600.462,0.422061402,1.264048126,0.190318545,0.002251914
600.663,0.405665913,1.241186199,0.187714447,0.002295452
600.864,0.413362191,1.280360768,0.186029059,0.002305677
601.066,0.401517925,1.267710439,0.192226758,0.002226344
601.267,0.411412643,1.278723162,0.186669946,0.002395926
601.468,0.376445013,1.264935257,0.19279143,0.002371449
601.669,0.382425243,1.22478729,0.178963455,0.002213307
601.87,0.379565192,1.211767067,0.191760981,0.002141745
602.071,0.369623167,1.217909396,0.185181117,0.002198612
602.272,0.395187127,1.237115903,0.177974601,0.002053542
602.473,0.385823639,1.24861877,0.186653136,0.002232737
602.674,0.40019719,1.271638815,0.181558878,0.002245403
602.875,0.393003479,1.232177196,0.18346288,0.002242919
603.076,0.40445837,1.23921665,0.194507001,0.002145598
603.277,0.385826808,1.255395001,0.177575746,0.002172255
603.478,0.380040007,1.215540391,0.167016379,0.002305722
603.679,0.362733131,1.218892683,0.192491892,0.00223138
603.88,0.401845566,1.208951537,0.178817744,0.002158689
604.081,0.402144629,1.186517292,0.182431603,0.00239784
604.282,0.381777059,1.228389112,0.178708333,0.002275109
604.483,0.386272179,1.181468753,0.184509254,0.002329662
604.684,0.375674107,1.221644499,0.172207833,0.002300087
604.885,0.372782063,1.211430681,0.170245529,0.002201347
605.085,0.385819397,1.173437337,0.173872274,0.002227311
605.286,0.368589738,1.193747982,0.178710842,0.002204023
605.487,0.39089841,1.211488103,0.182485617,0.002288997
605.688,0.387862268,1.197097922,0.177389616,0.002325323
605.889,0.397477228,1.212997865,0.163661531,0.002205172
606.09,0.392815014,1.217267042,0.180437054,0.002286642
606.29,0.379564095,1.175086187,0.172910273,0.002134885
606.491,0.385275509,1.175822571,0.178158385,0.002144419
606.692,0.37695447,1.158502171,0.175496204,0.00208557
606.893,0.367560482,1.190904484,0.174628488,0.002018326
607.093,0.380746864,1.206827519,0.173096523,0.002227124
607.294,0.381992192,1.153826637,0.184256149,0.002077756
607.495,0.375071604,1.177479643,0.170130821,0.002090858
607.695,0.385033101,1.165842565,0.168606425,0.001933025
607.896,0.361143534,1.120329657,0.166315019,0.002002046
608.097,0.369599074,1.177788644,0.178671899,0.002219693
608.297,0.366312994,1.1562862,0.169888639,0.002207202
608.498,0.361912519,1.141664171,0.168889939,0.002137619
608.699,0.3551948,1.113120081,0.179942968,0.002189507
608.899,0.368233663,1.114755857,0.173384595,0.00220559
609.1,0.367534306,1.105621906,0.164849471,0.002091859
609.3,0.380554977,1.126553057,0.167358575,0.00196996
609.501,0.357553861,1.142926438,0.153855361,0.00211476
609.702,0.384174018,1.135348732,0.165043248,0.002182172
609.902,0.35259965,1.149647084,0.171022174,0.002119026
610.103,0.36241779,1.092105067,0.157139173,0.002046882
610.303,0.376600159,1.150660384,0.173409527,0.001888894
610.504,0.36014389,1.133472984,0.160993391,0.002021089
610.704,0.345582934,1.091705789,0.164948992,0.002157856
610.905,0.365516302,1.111559498,0.177090749,0.002055134
611.105,0.337990392,1.101001132,0.161035766,0.001844179
611.305,0.351189018,1.116067142,0.168223986,0.002061339
611.506,0.357762297,1.123695237,0.157102467,0.002095746
611.706,0.339898642,1.09882373,0.16913351,0.001964944
611.907,0.347244919,1.120566859,0.158497736,0.00211526
612.107,0.337789411,1.096764964,0.158416017,0.001970773
612.307,0.363416001,1.094252197,0.164386048,0.002026703
612.508,0.353956271,1.109266275,0.162971994,0.002026761
612.708,0.339495205,1.096483329,0.165350357,0.001991913
612.908,0.346123528,1.092658683,0.168859034,0.002033463
613.109,0.326542596,1.087319159,0.161857641,0.001934238
613.309,0.340588241,1.093684309,0.151797896,0.002022208
613.509,0.362645358,1.036942808,0.161647012,0.001981659
613.71,0.325741131,1.014278179,0.154303499,0.002048596
613.91,0.35633959,1.046586854,0.147925829,0.001994517
614.11,0.32338807,1.065017702,0.142012355,0.001879149
614.31,0.336695452,1.026181653,0.157205772,0.001965181
614.51,0.325522005,1.067371088,0.152528322,0.00190292
614.711,0.34460281,1.046173237,0.163342888,0.00187613
614.911,0.339302391,1.021668145,0.147812791,0.001804432
615.111,0.355494944,1.026358276,0.164050882,0.001850267
615.311,0.334420888,1.057929968,0.142260479,0.002141323
615.511,0.342909871,1.00249505,0.148863141,0.001878602
615.711,0.327618096,1.024594199,0.152684093,0.001909718
615.912,0.332148091,1.032098096,0.146002777,0.002030796
616.112,0.302618925,1.022876285,0.147265086,0.001924369
616.312,0.336426347,1.057249876,0.150121968,0.001829445
616.512,0.293210589,1.02646932,0.147585649,0.00186174
616.712,0.306987387,1.015709171,0.149767194,0.001814331
616.912,0.312514711,1.008041404,0.147714586,0.001796359
617.112,0.320643125,1.00880827,0.151684207,0.001887801
617.312,0.305666662,0.991849924,0.14493013,0.001840029
617.512,0.312180131,1.013060291,0.148861632,0.001790647
617.712,0.290195795,1.020277253,0.142778799,0.001843716
617.912,0.291061059,0.989130608,0.147046776,0.001754632
618.112,0.305368354,0.992339247,0.142906517,0.001721098
618.312,0.309421702,0.967283752,0.150169842,0.001822265
618.512,0.287468288,0.992034902,0.133045238,0.00198498
618.712,0.335976842,0.979157265,0.142429922,0.001792688
618.912,0.310558951,0.987346442,0.140277856,0.001831209
619.112,0.301980243,0.964535761,0.139736775,0.001740746
619.311,0.322452912,0.962785588,0.130403227,0.001803204
619.511,0.302501555,0.972167141,0.146486127,0.001747866
619.711,0.307504234,0.982837202,0.137055209,0.00154919
619.911,0.308194145,0.939388494,0.135989335,0.001883627
620.111,0.292217066,0.947969741,0.149101618,0.001815662
620.311,0.300001643,0.945208625,0.139000763,0.001709218
620.51,0.306303321,0.95170264,0.137167011,0.001724052
620.71,0.298808177,0.950577468,0.138609689,0.001721148
620.91,0.310464561,0.966278033,0.129854899,0.001596606
621.11,0.273358602,0.925094245,0.127772378,0.001728675
621.309,0.286617521,0.882957152,0.132494501,0.001703662
621.509,0.293297326,0.922490026,0.138399796,0.001746061
621.709,0.316927667,0.91076706,0.136444408,0.001766525
621.909,0.311546707,0.923806054,0.141789314,0.001699613
622.108,0.316027993,0.949640458,0.132768639,0.00153083
622.308,0.280954868,0.895996453,0.137899916,0.001612727
622.508,0.274332345,0.902283569,0.129966124,0.001694976
622.707,0.301262138,0.869691209,0.127513387,0.001687275
622.907,0.252794543,0.890144352,0.13539819,0.00162027
623.106,0.290411686,0.914364581,0.12798147,0.001542431
623.306,0.292089357,0.873835825,0.133900311,0.001667137
623.506,0.283701293,0.911662451,0.131717638,0.00137669
623.705,0.272282244,0.889975506,0.140792893,0.001493835
623.905,0.28715906,0.875385976,0.125616654,0.001580425
624.104,0.274670481,0.883280346,0.126578099,0.001512584
624.304,0.268294664,0.873395315,0.126233346,0.001564885
624.503,0.290666933,0.895646922,0.13794436,0.00154751
624.703,0.277083509,0.858900881,0.124118994,0.001610752
624.902,0.270175934,0.906665068,0.127921349,0.001554187
625.102,0.26303059,0.851407898,0.130276946,0.001644711
625.301,0.260596665,0.892916226,0.131828141,0.001519588
625.501,0.270219147,0.855174481,0.125134043,0.001682802
625.7,0.286667902,0.885371839,0.126221524,0.001572867
625.899,0.272011169,0.848005371,0.130962121,0.001578922
626.099,0.260074039,0.848062728,0.115830875,0.001389164
626.298,0.254952862,0.816391014,0.121985193,0.001681525
626.498,0.260630238,0.804576763,0.111527065,0.001535088
626.697,0.257582439,0.836723079,0.124276541,0.00157323
626.896,0.268737828,0.810367725,0.115586741,0.001612783
627.096,0.272526051,0.811806831,0.122310131,0.001637972
627.295,0.280647559,0.816845482,0.129063108,0.00157874
627.494,0.25223952,0.821684562,0.116276369,0.001588817
627.694,0.272941359,0.829534514,0.105655651,0.001495592
627.893,0.24185697,0.834733333,0.115678699,0.001441583
628.092,0.272708053,0.790867357,0.121373546,0.001600074
628.291,0.25106386,0.793399028,0.120330986,0.001549503
628.491,0.254354187,0.818019683,0.10932211,0.001445404
628.69,0.250670106,0.826220684,0.110608831,0.001372756
628.889,0.232004779,0.787709364,0.108235815,0.00148426
629.088,0.255181584,0.814920333,0.11705866,0.001461894
629.287,0.24708248,0.801159029,0.122620219,0.001513999
629.486,0.247052071,0.798023708,0.110695628,0.001403901
629.686,0.242555285,0.764301805,0.116847913,0.001464737
629.885,0.253444525,0.776414243,0.120079672,0.001344601
630.084,0.234653982,0.773360376,0.109184243,0.001505781
630.283,0.256585848,0.754318307,0.110389348,0.001420053
630.482,0.224059041,0.756082564,0.105824679,0.001428189
630.681,0.262766546,0.779612625,0.112172189,0.001451808
630.88,0.253317478,0.772676522,0.121160636,0.001407125
631.079,0.237177513,0.765422636,0.11580058,0.001326914
631.278,0.256747508,0.792831878,0.108325695,0.001248104
631.477,0.236720382,0.747949852,0.11086101,0.001460193
631.676,0.23134331,0.756576017,0.115903934,0.001361401
631.875,0.233100163,0.731517011,0.113807148,0.001367994
632.074,0.22560023,0.728432587,0.106644168,0.001372229
632.273,0.218802097,0.750353386,0.099925614,0.001315976
632.472,0.237727831,0.731043485,0.118049901,0.001344028
632.671,0.226283492,0.711310872,0.11587132,0.00131554
632.87,0.237863167,0.724168034,0.112415265,0.001393039
633.069,0.221925827,0.732518187,0.094492039,0.001297337
633.268,0.252136964,0.7198044,0.114453212,0.00129572
633.467,0.235862505,0.722796546,0.108054122,0.001305677
633.666,0.218229539,0.726572391,0.092940399,0.001272762
633.864,0.227318153,0.700308294,0.108725104,0.001250563
634.063,0.229539673,0.676532251,0.110875512,0.001381562
634.262,0.210286292,0.70337113,0.101723905,0.001244748
634.461,0.215012515,0.69637058,0.106638442,0.001210533
634.66,0.229521721,0.675404875,0.102918016,0.001398292
634.858,0.229523329,0.720918039,0.10636783,0.00129949
635.057,0.225746954,0.686388382,0.104453903,0.001264956
635.256,0.214189356,0.705624981,0.101018474,0.001386416
635.455,0.209308432,0.677192144,0.105300552,0.001239469
635.653,0.221877537,0.683624975,0.107438099,0.001210873
635.852,0.216225086,0.697343741,0.101690128,0.001280822
636.051,0.225768055,0.671119653,0.095755116,0.001284534
636.249,0.224849452,0.682583105,0.106126547,0.001208174
636.448,0.222488846,0.702997972,0.095089683,0.001189032
636.647,0.220638764,0.668000998,0.088948403,0.001307033
636.845,0.209786998,0.65207642,0.104918636,0.001234222
637.044,0.212639567,0.664709876,0.098432507,0.001385915
637.243,0.207948289,0.6404939,0.09114397,0.001193701
637.441,0.197567966,0.679632433,0.095637786,0.001235797
637.64,0.205457075,0.689274481,0.093462324,0.001251362
637.838,0.201514931,0.648948269,0.090802971,0.001206274
638.037,0.183747521,0.650557378,0.095520762,0.001277503
638.235,0.206838791,0.656017797,0.091493972,0.001222515
638.434,0.200401867,0.632477703,0.094761817,0.001253002
638.632,0.201918318,0.638127397,0.094478655,0.001244898
638.831,0.206393771,0.640328923,0.091328741,0.001248454
639.029,0.213842896,0.631539698,0.090664268,0.001114355
639.228,0.204534504,0.6249393,0.08861147,0.001255598
639.426,0.21632291,0.649115382,0.096934324,0.001209037
639.625,0.201155171,0.617261184,0.094443588,0.001280297
639.823,0.201627701,0.609623498,0.095494195,0.001269693
640.022,0.189734272,0.628419023,0.085925045,0.001212009
640.22,0.188224341,0.621593907,0.088188967,0.001235074
640.418,0.21090186,0.647248814,0.089960512,0.00106722
640.617,0.216062011,0.633804605,0.094743056,0.001285533
640.815,0.19042313,0.598495387,0.093860514,0.001187872
641.013,0.202824921,0.629900085,0.085913971,0.001098604
641.212,0.191958392,0.615308922,0.090282088,0.001086556
641.41,0.191421569,0.625072762,0.091477911,0.001132896
641.608,0.209724803,0.594307347,0.081982639,0.001140606
641.807,0.192445909,0.622202467,0.086830488,0.001218965
642.005,0.189806202,0.589342409,0.087185942,0.001033543
642.203,0.19618759,0.612298511,0.098853222,0.001121222
642.401,0.182385418,0.595765072,0.083172341,0.001162833
642.6,0.180001441,0.593944982,0.085698324,0.001035256
642.798,0.211526413,0.602427653,0.085623902,0.001085038
642.996,0.198966111,0.586996458,0.088501278,0.001039158
643.194,0.183949136,0.557466101,0.090456462,0.000969906
643.392,0.193555157,0.59360435,0.08745238,0.001074689
643.59,0.175747346,0.572903084,0.083275724,0.000976676
643.789,0.178136331,0.575896422,0.086017363,0.001046423
643.987,0.185958668,0.572884713,0.085390716,0.001159523
644.185,0.185745262,0.546019,0.091351534,0.000971922
644.383,0.168879917,0.582735118,0.089312591,0.0010415
644.581,0.177586088,0.559300992,0.083565859,0.001012573
644.779,0.185438579,0.560171516,0.078359796,0.001100592
644.977,0.196723946,0.546148294,0.0843891,0.0009103
645.175,0.191616966,0.56458773,0.092694691,0.000940117
645.373,0.153678877,0.563651957,0.084346247,0.001073816
645.571,0.17583233,0.552381786,0.078281515,0.001039858
645.769,0.179129754,0.542949412,0.079971985,0.001023654
645.967,0.162815318,0.536973807,0.094316825,0.001016064
646.165,0.190153594,0.561972129,0.084345559,0.001015093
646.363,0.158665954,0.532079607,0.077898428,0.00104504
646.561,0.167943866,0.533340815,0.087298821,0.001052335
646.759,0.170738052,0.543970304,0.070515015,0.001042487
646.957,0.171070163,0.542028917,0.074861631,0.001048505
647.155,0.186563102,0.556465665,0.077238718,0.001064628
647.353,0.167591799,0.527166002,0.073454834,0.000973344
647.55,0.176048848,0.529643235,0.085871843,0.00093616
647.748,0.173259513,0.530760574,0.080915509,0.000905393
647.946,0.179407175,0.523686311,0.082212899,0.000940772
648.144,0.158996668,0.540614768,0.079529969,0.001009196
648.342,0.161057516,0.571290235,0.070835841,0.000870735
648.54,0.174897315,0.512876739,0.069859377,0.001022163
648.737,0.164378417,0.511022572,0.069659525,0.000910775
648.935,0.15460914,0.514919807,0.079928368,0.00095597
649.133,0.14904959,0.519686779,0.075644003,0.00088311
649.331,0.164579137,0.509697426,0.075587431,0.000935771
649.528,0.152479243,0.539467784,0.080714851,0.000955196
649.726,0.163166911,0.498225031,0.076031933,0.001032493
649.924,0.170543225,0.507616735,0.070835845,0.001091499
650.121,0.162450538,0.500000584,0.08055002,0.000977817
650.319,0.158053583,0.488450622,0.07410367,0.000957479
650.517,0.150587613,0.52266712,0.071439366,0.000943218
650.714,0.155713839,0.516285535,0.068499791,0.00093456
650.912,0.172146054,0.495814869,0.071513179,0.000918256
651.11,0.156525767,0.504936446,0.068147673,0.000881126
651.307,0.173525591,0.515893987,0.06802626,0.000837317
651.505,0.165141946,0.488516604,0.073077698,0.000991436
651.702,0.161019326,0.504323943,0.07279037,0.00086638
651.9,0.159969943,0.489592827,0.073774425,0.000906372
652.097,0.160990052,0.490170102,0.067988191,0.000937066
652.295,0.146334189,0.473495641,0.065851852,0.000909286
652.492,0.145640317,0.485970133,0.06300396,0.000859212
652.69,0.147769411,0.479739481,0.075225221,0.000830025
652.887,0.147269481,0.47768957,0.062566258,0.000960665
653.085,0.150256354,0.465232693,0.065481216,0.000927912
653.282,0.14644815,0.46864561,0.069527214,0.000976824
653.48,0.140078463,0.472360055,0.072278146,0.00088387
653.677,0.1427514,0.451289885,0.06692204,0.000796597
653.874,0.150037984,0.446863625,0.06829979,0.000914406
654.072,0.143578749,0.470513137,0.071152874,0.000853641
654.269,0.150224977,0.430657883,0.070889841,0.000895321
654.467,0.145281073,0.482718542,0.063078846,0.00090896
654.664,0.129317694,0.459451478,0.063011699,0.000913479
654.861,0.135949719,0.488063272,0.062894705,0.000968498
655.059,0.15734435,0.455822783,0.069737879,0.000834774
655.256,0.14155233,0.445055367,0.060562819,0.000795619
655.453,0.150875717,0.438392156,0.063488058,0.000873506
655.65,0.136870199,0.435875055,0.067442357,0.000825748
655.848,0.148856129,0.43064017,0.058998368,0.000937405
656.045,0.134073919,0.446758306,0.067813109,0.000963549
656.242,0.132823607,0.426316124,0.062166451,0.000826207
656.439,0.131065182,0.442745586,0.070592602,0.000878731
656.637,0.139834701,0.41524036,0.060419707,0.000864394
656.834,0.136458662,0.431440652,0.056796404,0.000762234
657.031,0.137415329,0.434848839,0.065312408,0.000779344
657.228,0.127405817,0.433178155,0.067713714,0.000819023
657.425,0.14065953,0.433597435,0.06282644,0.000893187
657.622,0.145903106,0.420367776,0.069840498,0.000891725
657.82,0.139671841,0.438717262,0.064786662,0.000755337
658.017,0.138643875,0.442285216,0.056296697,0.000798093
658.214,0.12784907,0.427918227,0.064542832,0.000826584
658.411,0.134523933,0.440713407,0.063927717,0.000767023
658.608,0.120286224,0.445941119,0.066634415,0.000741937
658.805,0.126910196,0.431434776,0.06319444,0.000744128
659.002,0.137629485,0.421046019,0.055844075,0.000803938
659.199,0.133625262,0.406797398,0.055995551,0.000792284
659.396,0.122788644,0.421103623,0.062359321,0.000805708
659.593,0.129064852,0.434523997,0.065494236,0.000778375
659.79,0.124537595,0.428921568,0.064489218,0.00072856
659.987,0.126042684,0.443147316,0.065887043,0.000763755
660.184,0.122117277,0.40623411,0.060173769,0.000870358
660.381,0.115916839,0.41343492,0.053387768,0.000747142
660.578,0.128359847,0.407379012,0.054856181,0.000685862
660.774,0.123157861,0.418113164,0.056625373,0.000781
660.971,0.138544976,0.413561621,0.058676475,0.000770926
661.168,0.120019718,0.419195327,0.055391428,0.000805729
661.365,0.130042508,0.388091654,0.048745918,0.000751521
661.562,0.13149748,0.399793035,0.057035294,0.000714675
661.759,0.122400028,0.388152403,0.057193712,0.000768446
661.956,0.138290285,0.39132025,0.057403304,0.000757401
662.152,0.121873006,0.391931919,0.060440868,0.000738634
662.349,0.120166995,0.365363849,0.056230439,0.000736026
662.546,0.1050033,0.381830868,0.049660146,0.000649262
662.743,0.112970706,0.389799854,0.056865657,0.000693627
662.939,0.117141627,0.375831873,0.051139597,0.000689879
663.136,0.122922863,0.375877217,0.052618592,0.000675604
663.333,0.123426483,0.370899377,0.058749165,0.000717334
663.53,0.119044598,0.392318946,0.058992287,0.000742426
663.726,0.113316193,0.377174476,0.057389858,0.000672901
663.923,0.112484612,0.38489299,0.060541826,0.000714367
664.119,0.11451777,0.385711008,0.056756775,0.000695315
664.316,0.11125903,0.387910224,0.058160243,0.000670444
664.513,0.120296243,0.348227696,0.057123492,0.000676098
664.709,0.124533579,0.35931878,0.054674876,0.000657723
664.906,0.124496203,0.388446739,0.057389615,0.000616483
665.103,0.110081685,0.378389877,0.056622481,0.000679933
665.299,0.132194633,0.365176567,0.056155691,0.000707041
665.496,0.120973571,0.361782852,0.048053588,0.000613704
665.692,0.11510559,0.366343383,0.051120043,0.000777124
665.889,0.104076728,0.397348527,0.052725615,0.000687602
666.085,0.11767827,0.382761407,0.052395291,0.000647919
666.282,0.116082201,0.36186553,0.058858863,0.000744937
666.478,0.116726432,0.378788634,0.053772745,0.000708674
666.675,0.104041157,0.353115072,0.054824172,0.000666033
666.871,0.118108116,0.358122867,0.048706614,0.000660117
667.067,0.117428406,0.360594089,0.044470245,0.000655728
667.264,0.114005779,0.348590658,0.050903822,0.00064375
667.46,0.124890648,0.355289125,0.045770945,0.000601698
667.657,0.118875587,0.355653252,0.050398659,0.000618546
667.853,0.100170064,0.35445222,0.053391658,0.000704437
668.049,0.130219932,0.360030226,0.049929062,0.000660465
668.246,0.097518168,0.352557763,0.052468573,0.000644475
668.442,0.115933229,0.339946805,0.051137721,0.000575698
668.638,0.101005779,0.357859862,0.047443854,0.000673292
668.835,0.092324198,0.334369713,0.058958907,0.00074812
669.031,0.107582874,0.352055938,0.05074352,0.000562701
669.227,0.104941708,0.341431238,0.044612397,0.000671377
669.424,0.12105568,0.356660972,0.054453297,0.000681796
669.62,0.109776776,0.369641931,0.047431637,0.000631448
669.816,0.109624963,0.340094951,0.055504031,0.000729047
670.012,0.088785744,0.332561931,0.053503586,0.00060622
670.208,0.107031382,0.330027171,0.047667358,0.000688033
670.405,0.100028315,0.359214351,0.043790869,0.000606964
670.601,0.110696623,0.337829894,0.049202767,0.000583675
670.797,0.108424228,0.33361646,0.047709649,0.000635702
670.993,0.106936932,0.314382667,0.052766363,0.000592509
671.189,0.101748074,0.33926958,0.051399341,0.00059038
671.385,0.102099366,0.324360557,0.047462376,0.000626768
671.581,0.092043806,0.322198835,0.045512967,0.000610612
671.777,0.102388194,0.304826204,0.049432917,0.000597082
671.974,0.099064902,0.335917887,0.048022331,0.000532093
672.17,0.098875927,0.33025519,0.043658841,0.000661143
672.366,0.10940413,0.33239238,0.044580243,0.000578546
672.562,0.104981057,0.335546595,0.047117449,0.000636026
672.758,0.099669828,0.322802103,0.04643152,0.00060974
672.954,0.101008684,0.324802249,0.049503054,0.000578929
673.15,0.098323244,0.316721582,0.048662655,0.000598602
673.346,0.094302722,0.327129758,0.040645651,0.000585845
673.542,0.108671946,0.324174074,0.046870596,0.000605552
673.737,0.103971387,0.338899465,0.054654867,0.00059165
673.933,0.090349284,0.300367637,0.044908103,0.000658207
674.129,0.101165704,0.314988592,0.050881179,0.000584323
674.325,0.0893807,0.318238124,0.04165754,0.000621144
674.521,0.103596684,0.31486745,0.040861431,0.000515445
674.717,0.098582976,0.327208345,0.04862487,0.000544276
674.913,0.10265564,0.327888959,0.050595284,0.000605246
675.109,0.091559193,0.314946941,0.043300972,0.00071526
675.304,0.103633295,0.324691389,0.041922325,0.000592959
675.5,0.09086383,0.299019852,0.041226077,0.000660474
675.696,0.098749838,0.314249867,0.042746206,0.000559875
675.892,0.09434502,0.317660054,0.048272393,0.000555328
676.088,0.104119795,0.3089341,0.040875184,0.000540073
676.283,0.104011474,0.301778884,0.046061191,0.000497154
676.479,0.080897746,0.288468639,0.041374658,0.000574043
676.675,0.090271132,0.29706719,0.043353215,0.000567843
676.87,0.085556271,0.299075943,0.044187563,0.000565858
677.066,0.096938877,0.29903011,0.044671931,0.0006242
677.262,0.095546084,0.290854438,0.042989518,0.000520821
677.457,0.087292773,0.29874036,0.039538042,0.00053806
677.653,0.090825523,0.293002605,0.04006713,0.000532364
677.849,0.088888032,0.287490732,0.041386818,0.000561723
678.044,0.088987913,0.288398757,0.044903251,0.000519277
678.24,0.092793405,0.296244292,0.044483673,0.000512843
678.435,0.098056935,0.298899187,0.044940029,0.000512518
678.631,0.079933441,0.291419766,0.043412729,0.000501811
678.827,0.099198164,0.282303927,0.04290517,0.000473303
679.022,0.091103016,0.300005281,0.039849125,0.000503318
679.218,0.090488657,0.27161714,0.043039734,0.00051914
679.413,0.094997539,0.262104917,0.046202425,0.00052316
679.609,0.091374176,0.291116961,0.045616758,0.000500072
679.804,0.085789251,0.305907093,0.036931599,0.000469522
680,0.079755009,0.265680287,0.039064969,0.000521975
680.195,0.084392766,0.276400539,0.036734625,0.000524319
680.39,0.07021268,0.296096753,0.042038467,0.000460693
680.586,0.087648841,0.300192426,0.040116479,0.000496788
680.781,0.091108559,0.293721131,0.035820386,0.000521074
680.977,0.089161332,0.266675468,0.042123941,0.000525177
681.172,0.07758285,0.292067407,0.045166696,0.000525875
681.367,0.087130397,0.281133805,0.037336242,0.000572963
681.563,0.084544606,0.265541625,0.045535898,0.000556255
681.758,0.092235764,0.26647865,0.036260983,0.00047773
681.953,0.084039736,0.270259835,0.038991782,0.000460437
682.149,0.093469122,0.256892316,0.034415944,0.000552195
682.344,0.078223212,0.277224666,0.038910261,0.000431557
682.539,0.08259025,0.267849396,0.037798137,0.000495808
682.735,0.085594346,0.265039825,0.043098926,0.00057815
682.93,0.077380614,0.26298552,0.039004183,0.000584836
683.125,0.073210932,0.261800813,0.042073956,0.000515546
683.32,0.078475053,0.253091579,0.036035578,0.000535118
683.515,0.080162706,0.249869958,0.038635519,0.000535088
683.711,0.099033062,0.273152426,0.04058922,0.000444088
683.906,0.083323986,0.278849149,0.041945444,0.000514391
684.101,0.088264881,0.247550966,0.038702703,0.00045063
684.296,0.08851723,0.275233398,0.037921338,0.000530043
684.491,0.073165456,0.280741035,0.036497543,0.000507299
684.686,0.067088328,0.265209019,0.036978891,0.000537441
684.881,0.080653439,0.266740682,0.035986303,0.000486843
685.076,0.085932766,0.256695329,0.040339995,0.000472639
685.272,0.088199624,0.254887632,0.039034223,0.000489742
685.467,0.088469001,0.261926235,0.034490979,0.000481068
685.662,0.067124816,0.241116146,0.038632987,0.000478114
685.857,0.079436887,0.25390382,0.03628001,0.000495485
686.052,0.079263388,0.261723989,0.038483632,0.000515379
686.247,0.077680695,0.229683615,0.037428965,0.000386633
686.442,0.080888018,0.225665274,0.043366509,0.000460032
686.637,0.077193596,0.249242502,0.04432854,0.000449674
686.832,0.073106249,0.23622477,0.036701218,0.000451647
687.026,0.078801065,0.234939721,0.034186267,0.000441916
687.221,0.070197442,0.223461635,0.035366175,0.000464598
687.416,0.088983294,0.249131469,0.038801233,0.000431638
687.611,0.078790996,0.267626808,0.034541366,0.000470935
687.806,0.074384981,0.248828202,0.031308907,0.000487188
688.001,0.082821981,0.243975753,0.032777996,0.000459188
688.196,0.074637416,0.236929587,0.036479523,0.000516556
688.391,0.082093281,0.24087264,0.034088145,0.000460792
688.585,0.069338455,0.240976091,0.041320918,0.000427628
688.78,0.076484759,0.235605424,0.036161763,0.000386155
688.975,0.067369771,0.24235089,0.036543467,0.000445796
689.17,0.072751962,0.256714544,0.032130679,0.000431885
689.365,0.074649053,0.267297105,0.035552828,0.000446341
689.559,0.070243625,0.2434058,0.039200412,0.000509049
689.754,0.087501465,0.230857001,0.037087737,0.000452831
689.949,0.07845952,0.246718015,0.033611201,0.000476702
690.143,0.068841172,0.24296959,0.035705806,0.000435124
690.338,0.081163631,0.249622305,0.032829837,0.000413798
690.533,0.066829376,0.240767582,0.037193008,0.000484238
690.727,0.084491097,0.243561675,0.03939194,0.000480409
690.922,0.078985812,0.248300389,0.03716949,0.000385103
691.117,0.075343829,0.236327214,0.040843491,0.000494496
691.311,0.075037639,0.242651627,0.033324393,0.000431662
691.506,0.075263495,0.239869885,0.028922009,0.000438467
691.7,0.06798858,0.247758975,0.038415941,0.000457398
691.895,0.075580175,0.23190241,0.039215427,0.00044788
692.09,0.070919315,0.223139513,0.028745341,0.000461018
692.284,0.067384892,0.225239415,0.032084532,0.000392095
692.479,0.080251878,0.231166161,0.035980606,0.000488287
692.673,0.072043491,0.222593444,0.035215091,0.000471411
692.868,0.073411027,0.228755132,0.034565085,0.000490171
693.062,0.065811269,0.227959501,0.036451199,0.00038295
693.256,0.076070412,0.242971466,0.033696469,0.000375478
693.451,0.071569205,0.234397787,0.027576486,0.0004
693.645,0.074708347,0.224176112,0.035302151,0.0004565
693.84,0.061405981,0.21293369,0.033127395,0.000410131
694.034,0.080553906,0.204825231,0.033689016,0.000425703
694.229,0.078492847,0.23852076,0.033181251,0.000399717
694.423,0.06099215,0.229569176,0.031833335,0.000348447
694.617,0.06805781,0.224630184,0.030183167,0.000382302
694.812,0.065713553,0.215131362,0.033586386,0.000368163
695.006,0.071537729,0.227493129,0.032434088,0.00041493
695.2,0.066688876,0.206062409,0.033922114,0.000444655
695.395,0.066616815,0.230628638,0.031519015,0.000419373
695.589,0.07396142,0.21331035,0.030742018,0.000384839
695.783,0.059433408,0.221869331,0.033818295,0.000407272
695.977,0.066257451,0.201094487,0.03244958,0.000385346
696.172,0.067764242,0.198915915,0.030800812,0.000425866
696.366,0.065705622,0.224992212,0.032604329,0.000327417
696.56,0.067689731,0.225456275,0.033804749,0.000416793
696.754,0.066670175,0.239146838,0.028441148,0.000368498
696.948,0.0693312,0.221251764,0.031626695,0.00041061
697.142,0.078172428,0.219644498,0.027754802,0.000404827
697.337,0.065041772,0.209631679,0.040803819,0.000437538
697.531,0.068481264,0.2368332,0.033261782,0.000413251
697.725,0.064803073,0.230246557,0.027222954,0.000474218
697.919,0.070626883,0.201917473,0.029530935,0.000414917
698.113,0.068127086,0.214253912,0.030477519,0.000373496
698.307,0.069512317,0.22029061,0.029301577,0.000314896
698.501,0.062781449,0.195961463,0.03185145,0.000362039
698.695,0.070901068,0.192095798,0.032404392,0.000438259
698.889,0.060038204,0.198529825,0.033071987,0.00031817
699.083,0.05873962,0.192369897,0.027220823,0.000384958
699.277,0.06282696,0.203760681,0.030969741,0.00038204
699.471,0.063929472,0.201905511,0.033806643,0.000349116
699.665,0.071685289,0.198753592,0.028467957,0.000398741
699.859,0.070404589,0.210208572,0.034482289,0.000366333
700.053,0.062804249,0.201407081,0.030315713,0.000359918
700.247,0.066830243,0.2182426,0.030627379,0.000376612
700.441,0.061488087,0.198210043,0.030234146,0.000346141
700.635,0.066796773,0.194308319,0.034355331,0.00038753
700.829,0.062210828,0.194943901,0.030290479,0.000388465
701.023,0.067999762,0.202138292,0.031237067,0.000477127
701.216,0.064708372,0.201231759,0.026833145,0.000418539
701.41,0.07024001,0.200321046,0.025843131,0.000392611
701.604,0.06829265,0.207651303,0.029170785,0.000411348
701.798,0.062777868,0.199790931,0.026374666,0.000426499
701.992,0.067957449,0.195631987,0.026950162,0.000395671
702.185,0.061199557,0.183390434,0.02928304,0.000312821
702.379,0.058680053,0.198048181,0.02984102,0.000364507
702.573,0.06611443,0.197266594,0.027226171,0.000311518
702.767,0.068215868,0.19762292,0.031642431,0.000385154
702.96,0.064301563,0.18258917,0.030749538,0.000380496
703.154,0.052965419,0.190745025,0.032584282,0.000399507
703.348,0.064106603,0.200093458,0.02783262,0.000377938
703.541,0.060493237,0.210567043,0.030666378,0.000381939
703.735,0.056026006,0.184019509,0.028927158,0.000320478
703.929,0.059046757,0.195916543,0.029706027,0.000350483
704.122,0.063374714,0.178852832,0.029629756,0.000364797
704.316,0.060629909,0.204107355,0.028482576,0.000387028
704.509,0.061246299,0.182072758,0.033404493,0.00030991
704.703,0.055185395,0.192070421,0.029449909,0.000420004
704.897,0.056429241,0.183132508,0.03347054,0.000386109
705.09,0.064660065,0.190520523,0.029782769,0.000367932
705.284,0.05711972,0.185850286,0.032127338,0.000302117
705.477,0.059136433,0.200619614,0.033676142,0.000395743
705.671,0.053283217,0.194254708,0.027831304,0.000372263
705.864,0.060239848,0.193052428,0.031808959,0.000345502
706.058,0.048915517,0.19201525,0.02992486,0.000336693
706.251,0.056071497,0.197908566,0.028819242,0.00036542
706.445,0.062398873,0.180212637,0.025974803,0.000384929
706.638,0.059268232,0.181910147,0.031849123,0.000349685
706.831,0.062475926,0.184507072,0.029261731,0.000321215
707.025,0.05629625,0.193322932,0.024256491,0.000352937
707.218,0.064016802,0.199746778,0.026472988,0.00030184
707.411,0.054498689,0.196066757,0.030795355,0.000341013
707.605,0.055653186,0.192139976,0.027005055,0.000311133
707.798,0.069592839,0.193805844,0.027344792,0.000343819
707.991,0.060592914,0.173414929,0.024982958,0.000367823
708.185,0.057729201,0.176498502,0.027704087,0.000308804
708.378,0.063394928,0.172574638,0.025658588,0.000364799
708.571,0.0561406,0.170938298,0.027870137,0.000370355
708.765,0.067930924,0.188205646,0.029783493,0.000298041
708.958,0.054242146,0.174555234,0.030826966,0.000343509
709.151,0.048436129,0.186554375,0.02462384,0.000304855
709.344,0.059351116,0.179337972,0.027987104,0.000382637
709.537,0.057952376,0.200136624,0.028017468,0.000414071
709.731,0.061151161,0.165214215,0.02602633,0.000286772
709.924,0.054482579,0.183391044,0.025323177,0.000329171
710.117,0.058320126,0.196171989,0.02552891,0.000297268
710.31,0.054599835,0.179318028,0.025978304,0.000360346
710.503,0.059345604,0.194319697,0.021615339,0.000365803
710.696,0.053506898,0.182861999,0.021873409,0.00034929
710.889,0.051468093,0.179276216,0.024652097,0.000327003
711.083,0.053509655,0.186983427,0.029768414,0.000313291
711.276,0.056389455,0.191010045,0.027153827,0.000306464
711.469,0.049224477,0.184246794,0.024879318,0.000245714
711.662,0.049631237,0.183405457,0.026112103,0.000334796
711.855,0.049597392,0.178293751,0.026447028,0.000340374
712.048,0.048387073,0.205611688,0.021873392,0.000346657
712.241,0.051297368,0.173148173,0.028831382,0.000315508
712.434,0.051980013,0.181875894,0.026808789,0.000397868
712.627,0.049106252,0.166492132,0.027655193,0.000289193
712.82,0.052332146,0.186111964,0.026609513,0.000378259
713.012,0.055474409,0.161865316,0.024474343,0.0002907
713.205,0.052257831,0.158668393,0.027459153,0.000369205
713.398,0.054111612,0.184220758,0.026754098,0.000377745
713.591,0.059771451,0.173037898,0.030072404,0.000340392
713.784,0.073040938,0.174594347,0.02463121,0.00030967
713.977,0.060321921,0.161919093,0.026744385,0.000263958
714.17,0.062636658,0.185489303,0.03003089,0.000351116
714.363,0.061944327,0.177949354,0.023798794,0.000355947
714.555,0.065077208,0.181498972,0.028812078,0.000333159
714.748,0.055514919,0.172808726,0.02181663,0.00030616
714.941,0.060807295,0.189471223,0.023315943,0.00031139
715.134,0.050668503,0.165750683,0.026900627,0.000332628
715.326,0.044625779,0.158748377,0.022655345,0.000309199
715.519,0.057764357,0.166709353,0.024559687,0.000306809
715.712,0.051894598,0.177063708,0.023235812,0.000246936
715.905,0.049131688,0.175391525,0.026622623,0.000282864
716.097,0.050540929,0.172359736,0.023273986,0.000270783
716.29,0.050936777,0.163125365,0.027688961,0.000298742
716.483,0.048002557,0.187936208,0.027101032,0.000241041
716.675,0.052573319,0.16049481,0.028634112,0.000288454
716.868,0.051691951,0.190413493,0.026592446,0.000309642
717.06,0.051842401,0.168889632,0.022229549,0.000309168
717.253,0.055095673,0.177106366,0.026801875,0.000315602
717.446,0.05295494,0.164801376,0.021716441,0.000283345
717.638,0.049030172,0.181533129,0.026505732,0.000286468
717.831,0.061145184,0.165114799,0.026574064,0.000395007
718.023,0.050643791,0.164589617,0.024037335,0.000333489
718.216,0.052384599,0.167194972,0.02806369,0.000283916
718.408,0.049537208,0.166924986,0.026010438,0.000258657
718.601,0.054391455,0.161024922,0.023429585,0.000271348
718.793,0.052127211,0.180296107,0.023540268,0.000257014
718.986,0.056022354,0.165676673,0.028820209,0.000280021
719.178,0.060864033,0.169272654,0.027575442,0.000340723
719.371,0.054273834,0.172330128,0.022916306,0.000234772
719.563,0.051381455,0.166482977,0.027546089,0.000271351
719.755,0.046884813,0.177592725,0.025379528,0.000329661
719.948,0.055340646,0.155027639,0.024563746,0.000279095
720.14,0.048038184,0.167408648,0.028645579,0.000323715
720.332,0.049722968,0.152878359,0.028025191,0.000321506
720.525,0.0532064,0.163092472,0.023457512,0.000247779
720.717,0.046944966,0.164645878,0.02658384,0.000298454
720.909,0.042632658,0.159640072,0.023304861,0.000308577
721.102,0.05438041,0.164230965,0.021019801,0.000318323
721.294,0.052262181,0.152849263,0.023245024,0.000275704
721.486,0.049412489,0.157858273,0.028466298,0.0002614
721.678,0.057101949,0.16062703,0.023654728,0.000304404
721.871,0.052333798,0.156710653,0.021370858,0.000290373
722.063,0.047594918,0.163688717,0.021303346,0.000360135
722.255,0.050179834,0.167678737,0.025896694,0.000303667
722.447,0.052764629,0.168441229,0.021315781,0.000290706
722.639,0.047921392,0.165315927,0.027210707,0.000299231
722.832,0.047719993,0.161031317,0.024794418,0.000228478
723.024,0.0548467,0.155739213,0.019653571,0.000314169
723.216,0.052909923,0.159682226,0.023926614,0.000253589
723.408,0.051079266,0.171842624,0.024633876,0.000336066
723.6,0.050883644,0.156575232,0.0233048,0.000275799
723.792,0.052778533,0.160457198,0.019949165,0.000267276
723.984,0.047693089,0.170616475,0.025736792,0.000270609
724.176,0.03993799,0.160082978,0.019710162,0.000270658
724.368,0.044429364,0.156553851,0.025156296,0.000315304
724.56,0.049263261,0.160521858,0.02459426,0.00030354
724.752,0.05411493,0.150278666,0.021687691,0.000264752
724.944,0.05580433,0.144190818,0.02162902,0.000192601
725.136,0.057304987,0.152094523,0.020266168,0.000307324
725.328,0.044420867,0.168451484,0.028111784,0.000263714
725.52,0.042350425,0.172670531,0.01899884,0.000243665
725.712,0.052706992,0.162065001,0.024144172,0.000304917
725.904,0.045357814,0.1720399,0.020211169,0.000310116
726.096,0.049585028,0.148332047,0.023731861,0.000254028
726.288,0.05176954,0.155985794,0.022959998,0.000301171
726.48,0.056534572,0.164884743,0.02725267,0.000221347
726.671,0.047287443,0.163597185,0.021007618,0.000262972
726.863,0.037471094,0.151405537,0.024815167,0.000291579
727.055,0.05360772,0.138132039,0.02655195,0.000335359
727.247,0.049129395,0.166625847,0.022725758,0.000261539
727.439,0.04735103,0.162142015,0.028174379,0.000299648
727.63,0.04403072,0.164429777,0.022016061,0.0002942
727.822,0.047916903,0.157628065,0.024337575,0.000324877
728.014,0.060397835,0.147695481,0.022735988,0.000238164
728.206,0.051206004,0.155437609,0.020560524,0.000281357
728.397,0.050161106,0.168257229,0.023214641,0.000263398
728.589,0.058234179,0.145198015,0.020825828,0.000255232
728.781,0.041273554,0.146407234,0.022959816,0.000214755
728.972,0.055952598,0.15450567,0.02162573,0.000278006
729.164,0.043929461,0.161949946,0.026645754,0.000301901
729.356,0.044782956,0.161308395,0.0243304,0.00029976
729.547,0.042153014,0.158897863,0.021693875,0.000349404
729.739,0.053811283,0.169744753,0.022169966,0.000240681
729.93,0.049047971,0.156879015,0.021610698,0.000295172
730.122,0.053148865,0.149569637,0.019469881,0.000313643
730.314,0.041360676,0.159778229,0.023911522,0.000262127
730.505,0.047348074,0.15150531,0.019580957,0.000231692
730.697,0.046916132,0.172815149,0.024120586,0.000191039
730.888,0.049039,0.143406747,0.021663868,0.000231462
731.08,0.050885028,0.164531118,0.023446615,0.00030216
731.271,0.046577133,0.150798443,0.023554862,0.00025142
731.463,0.051247018,0.166045691,0.018312902,0.000299644
731.654,0.047626463,0.153244286,0.024549911,0.000290367
731.845,0.043529476,0.152784032,0.023039835,0.000270567
732.037,0.050039595,0.168109035,0.02244235,0.000270959
732.228,0.047234763,0.161179732,0.022115948,0.000321328
732.42,0.045205711,0.153799485,0.023749689,0.000286767
732.611,0.050702379,0.134996802,0.019246287,0.000297442
732.802,0.044056283,0.162974079,0.024473743,0.000315057
732.994,0.042436457,0.150669348,0.021637156,0.000289229
733.185,0.044336491,0.164769804,0.027472771,0.000290172
733.376,0.049580945,0.137801403,0.025081338,0.000314479
733.568,0.041613728,0.133454909,0.02020268,0.000253643
733.759,0.047730829,0.14969337,0.024537022,0.000296072
733.95,0.048341857,0.149631782,0.02426469,0.000285045
734.141,0.048970093,0.14728131,0.02319391,0.000286304
734.333,0.041196541,0.13744479,0.021945393,0.00029712
734.524,0.040819232,0.159457562,0.019587869,0.000265216
734.715,0.049844406,0.13991514,0.020834467,0.000272059
734.906,0.046221503,0.169964331,0.024760813,0.000285026
735.097,0.047145771,0.164867281,0.025120002,0.000303454
735.289,0.042583474,0.147906779,0.021398067,0.000277411
735.48,0.049042532,0.150994936,0.022062751,0.00026812
735.671,0.044717885,0.161068782,0.023082455,0.000300556
735.862,0.042252819,0.15686165,0.021772357,0.000301359
736.053,0.044928029,0.158097777,0.023374867,0.000308229
736.244,0.041021736,0.159793196,0.025425688,0.000280313
736.435,0.047262038,0.138706548,0.027992943,0.000298321
736.626,0.040731638,0.154264634,0.02414486,0.000266922
736.817,0.046024111,0.161271281,0.021808438,0.000278759
737.008,0.0462368,0.155518839,0.023379612,0.000266271
737.199,0.050178305,0.145129931,0.019273155,0.000353405
737.39,0.054381653,0.153093728,0.021143877,0.000330298
737.581,0.046934119,0.154355526,0.022935977,0.000274531
737.772,0.047884999,0.163804653,0.023642069,0.000306458
737.963,0.049330545,0.175528512,0.02172415,0.000225142
738.154,0.036335632,0.156184336,0.020871473,0.000269481
738.345,0.043013316,0.156110515,0.026383554,0.000298074
738.536,0.049645619,0.16742675,0.026854114,0.000292488
738.727,0.052549125,0.157526446,0.024088853,0.000294605
738.918,0.045584392,0.159529751,0.020484206,0.000282815
739.108,0.046204438,0.154174036,0.022086982,0.00033887
739.299,0.051860137,0.155915144,0.022449937,0.000325298
739.49,0.052448175,0.149176925,0.023104485,0.00027801
739.681,0.057454142,0.160911248,0.022318792,0.000340567
739.872,0.041839279,0.152174796,0.025838274,0.000360548
740.062,0.04580607,0.166262219,0.021641503,0.000312489
740.253,0.049898116,0.154697995,0.021197505,0.000292438
740.444,0.041349132,0.147075492,0.028620241,0.00029229
740.635,0.046960218,0.160589314,0.022312784,0.000244136
740.825,0.0435294,0.176645045,0.029000764,0.00033929
741.016,0.045598279,0.153594911,0.022019246,0.00032454
741.207,0.053317249,0.181049689,0.02859989,0.000342682
741.397,0.051651437,0.185454007,0.024822973,0.000323267
741.588,0.04598828,0.194357501,0.032008874,0.000419307
741.779,0.053759221,0.191151476,0.031708901,0.000385024
741.969,0.062308366,0.198568981,0.036982753,0.000432075
742.16,0.049802491,0.195074201,0.031112365,0.000474113
742.351,0.05577608,0.215522394,0.038041155,0.000494542
742.541,0.054582967,0.213304208,0.033679776,0.000489345
742.732,0.048977817,0.222147767,0.037293738,0.000524694
742.922,0.050165677,0.217568777,0.035743685,0.000463202
743.113,0.042998016,0.234721685,0.040578746,0.000604444
743.303,0.051698107,0.21280427,0.038457973,0.000564542
743.494,0.051334603,0.220242568,0.033257158,0.000549753
743.684,0.047396224,0.218170054,0.039057637,0.000537315
743.875,0.043935398,0.220151852,0.039629783,0.000520979
744.065,0.041295723,0.224884625,0.034586837,0.00046082
744.256,0.05288822,0.223888272,0.041760096,0.000554856
744.446,0.049794011,0.205614021,0.032686104,0.000517351
744.636,0.04013062,0.225387012,0.040140996,0.000499995
744.827,0.039935037,0.222095862,0.03616885,0.000568559
745.017,0.051330363,0.233572256,0.045105343,0.000649737
745.207,0.043433696,0.23916495,0.039159414,0.000564455
745.398,0.050772589,0.240217073,0.046030694,0.000627832
745.588,0.050255441,0.222033968,0.043044164,0.000650886
745.778,0.054993071,0.267011692,0.048450383,0.000715274
745.969,0.055606288,0.282877046,0.053221574,0.000672707
746.159,0.05864231,0.310457773,0.063053737,0.000742663
746.349,0.050923596,0.296186419,0.059087159,0.000766949
746.539,0.044732883,0.329592037,0.068056204,0.000975392
746.73,0.057146034,0.340464985,0.070920144,0.001037262
746.92,0.062318636,0.410615916,0.099225834,0.001317979
747.11,0.056675505,0.465696415,0.107970461,0.001549065
747.3,0.061096085,0.630225161,0.16470474,0.002244465
747.49,0.073945041,0.754604628,0.205882702,0.002672689
747.681,0.088836719,0.969475864,0.276062123,0.003621336
747.871,0.091623283,0.99593887,0.28017706,0.003690909
748.061,0.096384355,1.139781645,0.329783881,0.004280043
748.251,0.098629101,1.116868285,0.316571413,0.004175347
748.441,0.107065257,1.264088001,0.368665614,0.004735231
748.631,0.108289996,1.351330413,0.390140942,0.004985575
748.821,0.130371464,1.578383982,0.469325354,0.006038544
749.011,0.119978873,1.525751929,0.44947447,0.005735539
749.201,0.132454469,1.65239788,0.485845235,0.006249715
749.391,0.11761272,1.465528866,0.424269282,0.005626867
749.581,0.119961005,1.454424011,0.424648537,0.005491011
749.771,0.108910343,1.339676594,0.386556152,0.005011684
749.961,0.114439252,1.464399242,0.423553019,0.005441772
750.151,0.105522778,1.368283401,0.393623825,0.005100847
750.341,0.115494298,1.467831062,0.419450383,0.005421245
750.531,0.098642406,1.31601787,0.370022945,0.004809023
750.721,0.111857213,1.350381389,0.387170154,0.005020633
750.911,0.106953671,1.207969038,0.341563507,0.004439864
751.101,0.106440381,1.286200489,0.367088005,0.004832341
751.29,0.092503524,1.208053208,0.344034067,0.004470762
751.48,0.118140138,1.400674513,0.404707877,0.005214193
751.67,0.113408182,1.484449849,0.428566011,0.005490874
751.86,0.117522045,1.622590886,0.469630894,0.006107608
752.05,0.109661151,1.526122556,0.440698049,0.00568014
752.24,0.120111853,1.619120059,0.477606909,0.006089641
752.429,0.108274545,1.460010069,0.421224456,0.005444975
752.619,0.113560639,1.533826905,0.436934711,0.00570682
752.809,0.084189262,1.250226776,0.345771441,0.004489775
752.998,0.098122404,1.221560149,0.341139494,0.004359418
753.188,0.08032774,1.029941417,0.290572665,0.00363418
753.378,0.0858383,1.015379502,0.283660145,0.003615924
753.568,0.078338569,0.809950275,0.222970279,0.002869903
753.757,0.078486004,0.719885696,0.190869974,0.002460137
753.947,0.059038379,0.563248993,0.134559894,0.001892272
754.136,0.063828701,0.535442087,0.128002971,0.001707252
754.326,0.065899706,0.454749504,0.106887541,0.001439766
754.516,0.059322663,0.49937505,0.122300903,0.001604485
754.705,0.055975038,0.530898585,0.132308726,0.001804315
754.895,0.072390046,0.77713332,0.205884251,0.002655982
755.084,0.086568067,0.973478795,0.276338201,0.00348255
755.274,0.122804064,1.523879137,0.449971475,0.005755815
755.463,0.169950859,2.008209176,0.597762609,0.007612255
755.653,0.220990048,2.922708758,0.889842203,0.011270141
755.842,0.251594833,3.48302616,1.060047426,0.013401375
756.032,0.297276054,4.368796632,1.345428044,0.016956633
756.221,0.338078868,4.914112956,1.499458263,0.018848545
756.411,0.410990478,5.934395558,1.83234224,0.023142893
756.6,0.467610949,6.903399861,2.136292804,0.026891147
756.789,0.600958512,8.653544673,2.687488334,0.033996832
756.979,0.683720196,9.951368944,3.09321808,0.039250904
757.168,0.779991993,11.43013464,3.564300348,0.045283819
757.358,0.881878218,12.85062514,3.993760672,0.0507186
757.547,0.993422138,14.38685404,4.476357151,0.056666005
757.736,1.045353548,15.1015337,4.697808663,0.059350006
757.926,1.130658768,16.15750549,5.018021899,0.06354745
758.115,1.144121253,16.42891402,5.100053811,0.064385454
758.304,1.240499728,17.63639131,5.450052259,0.068906818
758.493,1.266475059,17.87115722,5.537477289,0.069840147
758.683,1.343352344,19.41864549,6.031822188,0.076033419
758.872,1.392006215,20.00114961,6.219907479,0.078004407
759.061,1.435259601,20.70663693,6.449637697,0.080630601
759.25,1.501803215,21.55703738,6.725665838,0.084018498
759.439,1.609383742,23.27056697,7.24787011,0.090643693
759.629,1.732637372,24.89899309,7.76926804,0.097265704
759.818,1.834171611,26.36498596,8.210206198,0.103398448
760.007,1.981052972,28.79205352,8.961321113,0.113006712
760.196,2.093825537,30.14771307,9.390864887,0.119008912
760.385,2.147410922,30.99889802,9.643664298,0.122101969
760.574,2.192305787,31.88660315,9.910786142,0.125695104
760.763,2.098949047,30.32960622,9.45502837,0.119508599
760.952,2.031840267,29.35643138,9.161435131,0.115720725
761.141,2.071911285,29.88578281,9.351544518,0.117867807
761.33,2.223406995,31.37825431,9.819722047,0.123929369
761.519,2.387320032,33.30917772,10.4626847,0.131768061
761.708,2.542507107,35.4973815,11.16115039,0.140461145
761.897,2.574096395,35.63326947,11.18716313,0.140656431
762.086,2.562719665,35.76893055,11.20627338,0.140995809
762.275,2.508905959,35.0878751,10.99941546,0.13815014
762.464,2.495469455,34.88134649,10.91948982,0.137288982
762.653,2.312810248,32.46004764,10.17768806,0.128123068
762.842,2.344614714,32.67093608,10.25175265,0.128941066
763.031,2.301885962,31.91375337,10.00566451,0.125334995
763.22,2.319807943,32.11900161,10.06084435,0.125870938
763.409,2.240901659,30.9815225,9.723200233,0.121467596
763.597,2.309346108,31.51510762,9.89049646,0.123766131
763.786,2.291608493,31.43295097,9.86872429,0.123402772
763.975,2.453781078,33.80078114,10.62678542,0.132965436
764.164,2.717155025,36.97728739,11.63718148,0.145452549
764.353,3.006745966,40.99681071,12.87440958,0.161219599
764.541,3.302329611,44.9780372,14.11852711,0.177026179
764.73,3.700227762,50.78179303,15.9158427,0.19979749
764.919,3.738741997,51.13944053,15.98670569,0.201465241
765.108,3.674295518,49.81280625,15.55452071,0.195962292
765.296,3.414888378,46.5924616,14.54281843,0.183201301
765.485,3.39972634,46.87392664,14.65163439,0.184668797
765.674,3.559990652,49.50850714,15.48503499,0.194593254
765.862,3.835347779,52.90809268,16.55555209,0.208014265
766.051,4.111403027,56.45058026,17.65688341,0.222139357
766.239,4.442764263,60.84909218,19.02742233,0.239440779
766.428,4.73683273,63.76125793,19.96512103,0.25133775
766.617,5.089764566,68.1425339,21.32783268,0.268584695
766.805,5.336322425,71.51475693,22.38984309,0.281995478
766.994,5.302100578,71.16403255,22.24837865,0.280510287
767.182,5.203478159,69.73403337,21.78671611,0.275105356
767.371,5.12660479,68.9615311,21.53933038,0.272700109
767.559,5.077360653,68.4850565,21.38709131,0.270443314
767.748,5.099892175,68.40667108,21.35343301,0.269704025
767.936,5.179807708,69.4428674,21.73935504,0.274201874
768.125,5.449985982,72.89565899,22.83253256,0.287959598
768.313,5.701144534,75.5277323,23.69523735,0.299929357
768.502,6.08472909,80.34269793,25.23887101,0.320751142
768.69,6.172225264,81.33423592,25.5841051,0.325511296
768.878,5.999865879,79.13799285,24.85854553,0.316798871
769.067,5.818595283,76.24821634,23.92923311,0.304954222
769.255,5.495096473,72.63538934,22.78077248,0.290133899
769.444,5.176278574,68.60718961,21.49024895,0.273180997
769.632,4.933824982,64.76462118,20.26691667,0.2576456
769.82,4.75718969,62.4027684,19.54888288,0.248041828
770.008,4.743584123,61.92874233,19.40026884,0.245982998
770.197,4.594115214,59.92091182,18.78811626,0.238129204
770.385,4.565513511,58.82670728,18.43475018,0.233763051
770.573,4.49535481,57.9104454,18.13012078,0.229638056
770.761,4.324632511,55.55085115,17.38831766,0.220183661
770.95,4.07775885,52.29909243,16.36884127,0.206839604
771.138,3.939854435,50.93529466,15.94526546,0.201232538
771.326,3.915189708,50.630907,15.84385044,0.20026198
771.514,4.082048613,52.54341923,16.42554585,0.208133068
771.702,4.225268849,54.41057789,16.98675075,0.215695695
771.891,4.112694341,52.90279716,16.53749992,0.210084509
772.079,4.036427859,51.81676452,16.24108423,0.206422887
772.267,4.173851899,53.69606963,16.8622294,0.214319085
772.455,4.365128705,56.33003814,17.69558119,0.225184936
772.643,4.675601867,60.11542868,18.84730903,0.23996237
772.831,4.966043761,64.37796352,20.17209136,0.256974059
773.019,5.19317824,66.95942457,20.94615825,0.266797671
773.207,5.192507106,67.00687376,20.93461976,0.266666473
773.395,5.309319257,68.3140358,21.33684363,0.271567006
773.583,5.320405766,68.73131761,21.4970064,0.274045449
773.771,5.349408051,69.02846082,21.58369869,0.275444339
773.959,5.255657622,67.40205121,21.05093996,0.268631233
774.147,5.284942934,67.58892248,21.13418878,0.269463471
774.335,5.213821478,66.5791334,20.83886968,0.264965582
774.523,5.140511839,65.18388409,20.42836254,0.259729351
774.711,5.054224405,64.49431748,20.22278621,0.257239125
774.899,5.224545932,66.69520758,20.93367396,0.266895939
775.087,5.492108231,70.17378114,22.02580229,0.280999756
775.274,5.8535193,74.67243297,23.4370748,0.298740177
775.462,5.993125359,76.47817977,24.02292458,0.306194641
775.65,6.102120757,77.87130319,24.46252928,0.312024383
775.838,5.984609101,76.78442216,24.13460821,0.308996232
776.026,5.706071856,73.26793557,23.04704969,0.295811668
776.213,5.311082101,68.54719087,21.57359437,0.276906095
776.401,5.104042661,64.88169844,20.43049471,0.261330201
776.589,4.862263702,61.97018676,19.51998896,0.249604573
776.777,4.787359145,61.2957989,19.29500792,0.246713913
776.964,4.700303008,60.53589949,19.00905838,0.243722539
777.152,4.522801746,58.23437257,18.30313637,0.234768175
777.34,4.355159783,55.76852394,17.55564004,0.225022671
777.527,4.195170438,53.16822791,16.75013093,0.214478747
777.715,4.182206401,52.3258537,16.51938711,0.210771221
777.903,4.115200665,51.55314334,16.24098938,0.206902712
778.09,4.131097406,51.27381658,16.16086677,0.205636432
778.278,4.072270563,50.91149767,16.02662522,0.203971444
778.465,4.015754625,49.85158577,15.7055545,0.200316426
778.653,3.967298301,49.49001768,15.58463803,0.198654686
778.841,4.158239474,51.31916695,16.17112847,0.205625323
779.028,4.330553917,53.36117081,16.79887137,0.212879287
779.216,4.689062577,57.50214495,18.11177397,0.229467584
779.403,5.209477847,63.04164436,19.88009699,0.251976892
779.591,5.781182337,70.08026646,22.10885249,0.280571386
779.778,6.094459411,74.40710391,23.43538511,0.297801474
779.966,5.82763422,71.64810703,22.55368062,0.287049156
780.153,5.568534588,68.71407463,21.59161268,0.275762285
780.34,5.314141244,66.11241847,20.76563945,0.265765878
780.528,5.096901378,63.44526792,19.92959805,0.255303477
780.715,4.737160702,59.05410154,18.5293189,0.237344509
780.903,4.446778017,55.77158631,17.51546768,0.224670457
781.09,4.201536502,52.65076185,16.55860625,0.212530268
781.277,3.959602072,49.43787353,15.57352527,0.199620935
781.465,3.695035645,45.94111756,14.47429106,0.18566412
781.652,3.489774992,43.2845293,13.6434616,0.17464795
781.839,3.404336007,42.32266934,13.36566043,0.170755868
782.027,3.430649543,42.125125,13.29890087,0.169584366
782.214,3.457604537,42.5039313,13.43528603,0.170780833
782.401,3.439588474,42.31685944,13.3561257,0.169931928
782.588,3.535593869,43.13034503,13.61340909,0.172869479
782.776,3.631622034,44.32393299,13.98710806,0.177488566
782.963,3.579897865,43.78951306,13.8375492,0.175821976
783.15,3.581221092,43.67618098,13.81372689,0.17530264
783.337,3.474578719,42.51540702,13.43734389,0.170788337
783.524,3.450282707,42.24679885,13.3437263,0.169066397
783.711,3.355001466,40.91666164,12.92574539,0.163916694
783.898,3.301163121,40.19427203,12.66553553,0.160551291
784.086,3.153316062,38.24639324,12.05113933,0.152749748
784.273,3.066697854,37.10865152,11.68025209,0.148063593
784.46,2.99320335,36.26142295,11.425327,0.14455185
784.647,3.014574513,36.46360487,11.47045427,0.145549581
784.834,3.019351971,36.56603834,11.49597206,0.146257845
785.021,2.947571391,36.36268431,11.43572047,0.145850483
785.208,2.901369223,35.56290109,11.16867183,0.142920969
785.395,2.793664987,34.03241452,10.70719546,0.136979871
785.582,2.58823105,31.7036193,9.980294502,0.127577792
785.769,2.524495054,30.89589065,9.728146883,0.124710826
785.956,2.46019709,29.98103074,9.443356902,0.121127958
786.143,2.443723747,30.06544886,9.460377341,0.121999483
786.33,2.345837026,28.85962871,9.091257322,0.117410684
786.516,2.334456209,28.9190936,9.090455853,0.117345824
786.703,2.313690345,28.8510897,9.10547524,0.117263199
786.89,2.424164797,29.99247949,9.463649891,0.121753592
787.077,2.431440334,30.02973109,9.463847223,0.121417416
787.264,2.466004685,30.28942074,9.517999269,0.122499087
787.451,2.377203088,29.00563742,9.131028753,0.117575261
787.638,2.289302655,28.03638274,8.820953344,0.113657459
787.824,2.231439555,27.1859701,8.573321303,0.110419378
788.011,2.197577225,26.63752688,8.402954262,0.108192143
788.198,2.226482438,26.9600879,8.542366004,0.109945752
788.385,2.219443039,26.87787104,8.525544411,0.109899567
788.571,2.146973034,26.16079351,8.297832665,0.106892442
788.758,2.140194183,25.94439839,8.244815873,0.105999374
788.945,2.157019955,25.90764445,8.23384309,0.105522226
789.131,2.292858497,27.52655336,8.742312065,0.112274891
789.318,2.447740502,29.68808028,9.40812288,0.121234788
789.505,2.637643293,31.84496346,10.09435791,0.129976058
789.691,2.728776723,32.95256897,10.43137558,0.134332106
789.878,2.873192346,34.47996452,10.9153844,0.140531786
790.064,2.905698006,34.5721977,10.96015136,0.140746166
790.251,2.936720239,34.69581712,11.00650906,0.141321533
790.438,2.949367922,35.04572078,11.14991693,0.1429843
790.624,3.042187038,35.93241149,11.41282595,0.146600522
790.811,3.083708228,36.17831604,11.5070022,0.147925344
790.997,3.220342196,37.89179379,12.03908002,0.154540588
791.184,3.342438295,39.23880579,12.46511103,0.16004153
791.37,3.336743988,38.94868855,12.35596594,0.158326843
791.557,3.291159222,38.67254535,12.28007386,0.157262213
791.743,3.33629501,39.55053572,12.54146826,0.160550085
791.93,3.488604726,41.18504544,13.05500474,0.167581584
792.116,3.675787182,43.61098076,13.84188893,0.177927261
792.302,3.873254871,45.84905521,14.58017394,0.187884665
792.489,4.025048414,47.3626712,15.09161745,0.194693534
792.675,3.99494482,46.98158778,14.98733369,0.19358151
792.861,3.951956993,46.32810813,14.7709063,0.190934158
793.048,3.903160368,45.80240192,14.60129328,0.18892158
793.234,3.887205874,45.32317181,14.43068837,0.187012446
793.42,3.788829221,44.43016658,14.14572771,0.183537185
793.607,3.792642739,44.53167219,14.1799332,0.184133207
793.793,3.879486871,45.3911567,14.43541688,0.187376436
793.979,3.969063385,46.00213439,14.62074437,0.189604646
794.165,3.877060773,44.98675026,14.29466612,0.185700983
794.352,3.908163253,45.87652452,14.56086177,0.189946585
794.538,3.941235366,46.07910728,14.61717543,0.190859604
794.724,3.932098759,46.17111494,14.63073586,0.191254569
794.91,3.737376298,44.10643551,13.97012246,0.182591216
795.096,3.617340625,42.6822772,13.52760217,0.176666861
795.283,3.46302977,41.38659755,13.10190203,0.171109531
795.469,3.338825114,40.04227541,12.69501406,0.165861701
795.655,3.251714468,38.67876453,12.27486469,0.160317339
795.841,3.187508198,38.28410858,12.131083,0.158880123
796.027,3.063733862,36.80176398,11.6567629,0.152619108
796.213,2.921797523,35.17354179,11.12404254,0.145715672
796.399,2.812674046,34.14063563,10.79282029,0.141423182
796.585,2.761730205,33.42812747,10.56078672,0.138663401
796.771,2.696954886,32.40972766,10.2264686,0.134608216
796.957,2.607136966,31.54230185,9.962699942,0.131175537
797.143,2.519268196,30.39537584,9.60467205,0.12650607
797.329,2.469481877,29.57805553,9.351876207,0.123185294
797.515,2.387749838,28.54157482,9.033287208,0.119110145
797.701,2.30382141,27.61093211,8.741167993,0.115613507
797.887,2.1771198,26.16286242,8.298751533,0.109759803
798.073,2.086935237,25.43211964,8.055969571,0.106513623
798.259,2.148294102,25.95366253,8.222514663,0.108501989
798.444,2.187222455,26.43635091,8.357875689,0.110130281
798.63,2.272240288,27.34826461,8.635986618,0.113837718
798.816,2.345299359,28.25328938,8.928131412,0.117813602
799.002,2.347579279,28.04745002,8.864426685,0.117242187
799.188,2.341739373,27.70524192,8.771214157,0.115961823
799.374,2.286070165,26.84421739,8.505313643,0.112720256
799.559,2.266247662,26.47998958,8.383925871,0.111010863
799.745,2.172963493,25.54652423,8.094477391,0.107256725
799.931,2.107853064,24.70983025,7.819203124,0.10357246
800.117,2.031399827,24.02919995,7.587087836,0.100592793
800.302,2.016061784,23.50710929,7.434733181,0.098481512
800.488,1.974608908,23.15037797,7.310533091,0.096949839
800.674,1.959914349,23.06576508,7.276924216,0.096553904
800.859,1.958283662,22.9503306,7.285628754,0.096651902
801.045,1.948217325,22.86801063,7.229649769,0.096241714
801.231,1.926193187,22.56964869,7.142609493,0.095019741
801.416,1.911921413,22.24006129,7.037189299,0.093180834
801.602,1.829457283,21.15025211,6.693241045,0.088652748
801.787,1.76478402,20.42069269,6.447709784,0.085592942
801.973,1.691652516,19.72796556,6.232748089,0.082790032
802.158,1.66545043,19.24455492,6.068983621,0.080864964
802.344,1.524592385,17.90429803,5.655304383,0.075332256
802.529,1.427020831,16.35858756,5.152372373,0.068568239
802.715,1.291276778,15.10150228,4.762117008,0.063096305
802.9,1.326115556,15.25746297,4.800003317,0.06353174
803.086,1.319457598,15.01293808,4.743815322,0.062510419
803.271,1.294105857,14.76186038,4.65108381,0.061476336
803.457,1.216622382,14.11134517,4.440154739,0.058773516
803.642,1.202765689,13.90564081,4.375090992,0.058087581
803.828,1.156319672,13.50735327,4.260287876,0.056553434
804.013,1.193279042,13.81272874,4.344039756,0.057562244
804.198,1.160673679,13.64858635,4.296000809,0.056902237
804.384,1.154609861,13.60273094,4.272643119,0.056591759
804.569,1.075011333,12.53049995,3.946316784,0.052348487
804.754,1.007034301,11.67050168,3.666958972,0.048679398
804.94,0.905383158,10.61192012,3.336270496,0.044224022
805.125,0.875692846,9.995275498,3.14191717,0.041592896
805.31,0.796424528,9.062411921,2.862364406,0.037835328
805.495,0.76590626,8.683569881,2.739158187,0.036323424
805.681,0.73335397,8.156787427,2.55944258,0.03387493
805.866,0.698404257,7.956676025,2.496005825,0.033074254
806.051,0.642686824,7.098299677,2.230992862,0.029460364
806.236,0.586778251,6.646774457,2.089379243,0.027458027
806.421,0.520627289,5.96992344,1.876477843,0.024737494
806.607,0.526087771,5.857674307,1.828309728,0.02418749
806.792,0.485178341,5.31560054,1.647231721,0.021772741
806.977,0.457418461,4.959212701,1.536742786,0.020317516
807.162,0.389269352,4.239079212,1.313265577,0.01729156
807.347,0.361039571,3.896544762,1.199013034,0.015914589
807.532,0.34227387,3.461165637,1.063734039,0.014121492
807.717,0.311092749,3.323588261,1.030793742,0.013603857
807.902,0.269327766,2.816935042,0.863147072,0.011379605
808.087,0.265477877,2.6940794,0.825522284,0.010983161
808.272,0.239494136,2.397231836,0.729385867,0.009702039
808.457,0.237650248,2.396653589,0.736159518,0.009746453
808.642,0.212654954,2.216689694,0.670398939,0.00890087
808.827,0.212300927,2.179767798,0.661497094,0.008807494
809.012,0.196714907,1.923295864,0.57453802,0.007638526
809.197,0.191539338,1.871028248,0.555282025,0.007372651
809.382,0.161791642,1.61032357,0.47443662,0.006338492
809.567,0.161389967,1.609724092,0.480974159,0.006387767
809.752,0.151362242,1.441371894,0.414378513,0.0055738
809.936,0.141161272,1.345263879,0.396744896,0.005266756
810.121,0.122661382,1.089625321,0.312809552,0.004106851
810.306,0.111461842,1.004372495,0.28833216,0.003794792
810.491,0.090958829,0.818428634,0.223761503,0.003067671
810.676,0.102273106,0.771911423,0.20829995,0.002799676
810.861,0.081986029,0.663676711,0.174168536,0.002345396
811.045,0.073045946,0.652454514,0.176675041,0.00238537
811.23,0.08965804,0.59918884,0.154621841,0.002086758
811.415,0.072245889,0.577020969,0.1536357,0.00205563
811.599,0.078006596,0.516703407,0.126796272,0.001751373
811.784,0.06129374,0.50031313,0.127008968,0.001700536
811.969,0.070379194,0.426207267,0.094988455,0.001419365
812.154,0.061305745,0.409654868,0.091120827,0.001324333
812.338,0.053928264,0.33470415,0.073101891,0.001041148
812.523,0.061019502,0.33144427,0.074054504,0.001011267
812.707,0.049312413,0.289839096,0.062010107,0.00078585
812.892,0.051594274,0.282556273,0.059565839,0.00082488
813.077,0.05639215,0.25324489,0.054871296,0.000678596
813.261,0.042195221,0.228191358,0.046660559,0.000678033
813.446,0.047302936,0.210400905,0.03839611,0.000512583
813.63,0.050719599,0.206895745,0.035767846,0.000550593
813.815,0.056052415,0.213286052,0.03622119,0.000448364
813.999,0.052995719,0.195823468,0.032387317,0.000507234
814.184,0.04695905,0.183593434,0.028104192,0.000428646
814.368,0.042232983,0.196075343,0.032403953,0.000405245
814.553,0.043073321,0.17524185,0.031108204,0.000406661
814.737,0.045435994,0.155935925,0.025316951,0.000368967
814.921,0.042049645,0.168816542,0.028822752,0.000384876
815.106,0.041238108,0.166918098,0.025162037,0.000365538
815.29,0.038447131,0.157598701,0.024036708,0.000368161
815.475,0.047573688,0.178898196,0.021985476,0.000401115
815.659,0.051700591,0.148302707,0.022367788,0.00035917
815.843,0.037028109,0.159122457,0.027954559,0.000286079
816.028,0.049714045,0.143240177,0.019980302,0.000308212
816.212,0.04303948,0.151885633,0.0201956,0.000276121
816.396,0.039059174,0.14594626,0.021148039,0.000322397
816.58,0.039149272,0.133469771,0.022749436,0.000287825
816.765,0.035962009,0.139716827,0.021816809,0.000308496
816.949,0.041393892,0.139740179,0.025238737,0.000263324
817.133,0.040181078,0.148356009,0.021303164,0.000282825
817.317,0.047172123,0.142448687,0.019954042,0.000253113
817.502,0.039886519,0.131911587,0.020558459,0.000269324
817.686,0.049558196,0.133244348,0.018049241,0.000289123
817.87,0.043949222,0.142833234,0.017424641,0.000248684
818.054,0.034644309,0.140744143,0.019191907,0.000232492
818.238,0.04269146,0.149311571,0.017193624,0.00023088
818.422,0.043648523,0.127725589,0.02408427,0.000232594
818.606,0.035983725,0.132480289,0.018415234,0.000208315
818.79,0.039599516,0.120318517,0.018722327,0.000251874
818.975,0.036360082,0.125223996,0.020412598,0.000249881
819.159,0.048047281,0.127098271,0.020505816,0.000262287
819.343,0.052078595,0.13492097,0.019490086,0.000250432
819.527,0.036550282,0.123999829,0.021723331,0.000270266
819.711,0.037495289,0.135666621,0.020803887,0.000315486
819.895,0.038797455,0.13482693,0.018157195,0.000257904
820.078,0.042927354,0.137921935,0.019003426,0.000250781
820.262,0.040484846,0.131599321,0.018089763,0.000235478
820.446,0.029392096,0.141707841,0.021554357,0.000203223
820.63,0.036953206,0.138076979,0.021606586,0.000277101
820.814,0.039178642,0.128487161,0.019443935,0.000266394
820.998,0.037416192,0.126113558,0.020435742,0.000217938
821.182,0.032594798,0.119417197,0.019556729,0.000253145
