,5015,15096,25173,35246,45319,55386
688.196,0.151462219,0.260323546,0.163836296,0.046691959,0.08253126,0.26407274
688.391,0.162877298,0.284611725,0.139614091,0.054738813,0.079608025,0.207652924
688.585,0.147683455,0.219956351,0.150833596,0.057190594,0.081277369,0.220355189
688.78,0.149435362,0.213571788,0.196620753,0.046971648,0.08001604,0.214529208
688.975,0.168830613,0.223936834,0.146945554,0.046377974,0.086334034,0.17744503
689.17,0.137887146,0.239698327,0.170927961,0.052232687,0.084179388,0.122915971
689.365,0.151055972,0.292600736,0.143545546,0.0412273,0.08343713,0.170970037
689.559,0.144737914,0.264614797,0.169920533,0.052013097,0.087669126,0.272629304
689.754,0.154657163,0.246985689,0.169276726,0.04478069,0.084997322,0.226473729
689.949,0.143787401,0.248636312,0.13973804,0.044965828,0.085139738,0.247116469
690.143,0.167579627,0.258850566,0.145835237,0.057162322,0.084625002,0.250834654
690.338,0.141157666,0.229144029,0.131690951,0.054598441,0.077547188,0.283658883
690.533,0.152731127,0.28084065,0.168716653,0.047340133,0.082827596,0.29039481
690.727,0.151485221,0.275433488,0.177770216,0.046057784,0.083205115,0.131464305
690.922,0.145168364,0.265244916,0.175989531,0.058633275,0.082679838,0.29721472
691.117,0.15809054,0.219884478,0.148289265,0.051129557,0.079800531,0.215149101
691.311,0.168610254,0.232232486,0.141110782,0.038693329,0.091541506,0.152028354
691.506,0.148806281,0.243699657,0.116994523,0.041108785,0.085831558,0.249768642
691.7,0.148093152,0.20782323,0.145476105,0.050419661,0.083206865,0.240675259
691.895,0.153172329,0.196386071,0.150751917,0.05158092,0.0825145,0.301360097
692.09,0.148542575,0.207495457,0.121492738,0.04497134,0.084805779,0.210591722
692.284,0.154483559,0.187457165,0.130008545,0.05511977,0.082065303,0.187353722
692.479,0.150882702,0.248612132,0.146508804,0.045987303,0.0852443,0.215634049
692.673,0.151948964,0.203403804,0.1527576,0.045327496,0.079994015,0.185039701
692.868,0.145597329,0.288498267,0.139055783,0.049494596,0.085417287,0.27546614
693.062,0.159544438,0.262968602,0.154420908,0.052416986,0.083855492,0.250706541
693.256,0.169790778,0.249304442,0.180284371,0.055999144,0.084056059,0.226138845
693.451,0.170416562,0.224856733,0.154024303,0.054001586,0.083078584,0.128308831
693.645,0.150518125,0.242715646,0.159856184,0.04805449,0.085168143,0.232263316
693.84,0.160554439,0.241562176,0.139054815,0.054890551,0.088468978,0.158071159
694.034,0.155928589,0.208326542,0.168679494,0.042876279,0.084584787,0.151343208
694.229,0.156535286,0.30896155,0.138020265,0.053517713,0.086577822,0.274677762
694.423,0.148713325,0.204321623,0.133160073,0.052123982,0.089646286,0.212766535
694.617,0.172915091,0.187788232,0.156153983,0.046511453,0.086198059,0.269613094
694.812,0.153341273,0.243624236,0.165501052,0.046615456,0.081050816,0.135433808
695.006,0.145824921,0.157570912,0.159050096,0.045652986,0.075552479,0.238299277
695.2,0.154874148,0.21881392,0.168648829,0.043025511,0.08771412,0.182550015
695.395,0.15685061,0.267041469,0.132392711,0.056548229,0.079751827,0.174160967
695.589,0.168087158,0.195438215,0.156700177,0.043180846,0.07786955,0.270604233
695.783,0.156519887,0.236115071,0.110813921,0.043462023,0.087094418,0.319709137
695.977,0.160312396,0.280966163,0.13404123,0.047367987,0.077257306,0.146590657
696.172,0.174364714,0.239678713,0.143433595,0.049973878,0.078190534,0.153787987
696.366,0.15558703,0.233495269,0.156648197,0.057529534,0.076627146,0.278179813
696.56,0.152457026,0.209773497,0.150124151,0.044137099,0.083158641,0.219082796
696.754,0.156147412,0.323276855,0.143925647,0.052163561,0.082050979,0.184342357
696.948,0.15162217,0.262262362,0.158959611,0.052774372,0.088411546,0.195328871
697.142,0.146311604,0.252604657,0.154995556,0.052724428,0.083749996,0.157960774
697.337,0.157909997,0.255276841,0.157907916,0.061017358,0.086101867,0.19159029
697.531,0.147025534,0.199243328,0.13358758,0.03394625,0.090150667,0.302562449
697.725,0.153211258,0.239107954,0.17293362,0.049821323,0.081294603,0.297436321
697.919,0.170190333,0.227295062,0.141940654,0.03959121,0.087119786,0.174568921
698.113,0.160037868,0.256430925,0.185407481,0.050388841,0.081532277,0.256063272
698.307,0.160399812,0.249259685,0.130175103,0.061276373,0.088821538,0.286731167
698.501,0.163967097,0.218072493,0.141749789,0.045021468,0.078188676,0.273721486
698.695,0.148994127,0.292951754,0.145195209,0.047777264,0.085498203,0.160498899
698.889,0.148708917,0.219267788,0.162568993,0.048264002,0.080686842,0.275382781
699.083,0.154086584,0.283787137,0.208522521,0.051651589,0.082301592,0.192588163
699.277,0.151827577,0.217299954,0.13705912,0.0491627,0.088251978,0.148124809
699.471,0.160522462,0.263246064,0.142126638,0.042140363,0.088656724,0.26062061
699.665,0.145834652,0.2458376,0.167714253,0.050725244,0.080900176,0.161836732
699.859,0.150438299,0.238913428,0.145430468,0.044071687,0.091470967,0.258781263
700.053,0.135462388,0.221453968,0.146251587,0.043613391,0.082404823,0.176150016
700.247,0.172619081,0.268513369,0.186688819,0.048593851,0.079794516,0.273007224
700.441,0.16524176,0.308836562,0.159905602,0.05371275,0.086528781,0.179173898
700.635,0.165585268,0.232821385,0.155058795,0.048549978,0.088814671,0.36798763
700.829,0.155312079,0.246209349,0.137781081,0.040506688,0.078790975,0.212285526
701.023,0.163232858,0.250292346,0.146224899,0.033872125,0.085401056,0.31417295
701.216,0.162290023,0.260568819,0.169013569,0.038427939,0.084619469,0.216715101
701.41,0.156975494,0.271121381,0.170915169,0.051488758,0.091539276,0.140799332
701.604,0.158066446,0.235309154,0.132823193,0.043759285,0.081995121,0.157518045
701.798,0.146574602,0.23826381,0.154435386,0.046343245,0.090057337,0.24089517
701.992,0.167414744,0.238599456,0.137003757,0.048270502,0.08213808,0.211612932
702.185,0.161346334,0.233731151,0.159427649,0.049592482,0.08680335,0.141803768
702.379,0.155123198,0.255082583,0.142206557,0.04958921,0.087532093,0.162242559
702.573,0.165692118,0.231377096,0.155329491,0.05469669,0.084326478,0.207497871
702.767,0.163905096,0.231842856,0.167224194,0.048805512,0.083822214,0.128290205
702.96,0.153707083,0.220722987,0.15833059,0.050490907,0.08230469,0.220500017
703.154,0.158161173,0.21855058,0.174012219,0.039639889,0.085729422,0.1812283
703.348,0.137806318,0.186118539,0.174923259,0.043683022,0.084951282,0.219942441
703.541,0.175316289,0.1705654,0.160136927,0.044070711,0.080312512,0.2234244
703.735,0.150156828,0.29187953,0.181427682,0.050175018,0.082877608,0.197491638
703.929,0.152108694,0.23693722,0.151968909,0.039428809,0.08088414,0.266068191
704.122,0.16094996,0.250529044,0.174927821,0.045441611,0.078548503,0.187311199
704.316,0.157705854,0.227589283,0.147019162,0.04870027,0.086697226,0.204616099
704.509,0.156866314,0.283372461,0.129753147,0.046314639,0.075020001,0.226123131
704.703,0.15392657,0.256204634,0.135715323,0.05145491,0.082339323,0.225345321
704.897,0.144636924,0.183605187,0.148518526,0.055742729,0.079718481,0.233045571
705.09,0.151635504,0.255796978,0.148771605,0.066608681,0.083921845,0.295916594
705.284,0.148972096,0.20278923,0.130579904,0.038498424,0.082909532,0.310788935
705.477,0.162213472,0.205755278,0.150499606,0.052989611,0.085182578,0.241580433
705.671,0.14586208,0.270389092,0.153733665,0.040846442,0.07580289,0.211591926
705.864,0.155411192,0.289188867,0.152587442,0.049342999,0.086002567,0.156583337
706.058,0.166046096,0.210965897,0.145360457,0.04911179,0.079072642,0.265025941
706.251,0.161833747,0.219014056,0.155342697,0.056138331,0.087201001,0.239753904
706.445,0.165091492,0.228908627,0.13598984,0.046760921,0.087854165,0.224173734
706.638,0.148609253,0.211378439,0.147764175,0.049287638,0.077005224,0.232487504
706.831,0.163869654,0.28406333,0.149080435,0.050729025,0.081451317,0.141872325
707.025,0.15329852,0.27576297,0.117707829,0.055099722,0.084825207,0.197149042
707.218,0.134976328,0.2715768,0.135016402,0.043837223,0.079907181,0.27283704
707.411,0.146769654,0.275789876,0.157344836,0.044105453,0.081645616,0.226029908
707.605,0.146796864,0.232650619,0.110428453,0.04552116,0.081463447,0.245379846
707.798,0.144135866,0.313418657,0.164201622,0.045977897,0.079985204,0.303905808
707.991,0.152945614,0.249987037,0.163457077,0.046799632,0.086259734,0.167080821
708.185,0.143856263,0.189275833,0.161763521,0.052188171,0.092784123,0.259889902
708.378,0.152640459,0.277876824,0.155698841,0.03786372,0.079520646,0.194276044
708.571,0.136457004,0.205842781,0.147061308,0.042416052,0.079911924,0.22530554
708.765,0.168216371,0.179155761,0.160479192,0.048869935,0.082317196,0.22042847
708.958,0.150539073,0.243311926,0.17269623,0.029723126,0.07888236,0.275423711
709.151,0.163524322,0.236590424,0.164400747,0.053673232,0.086788733,0.223197262
709.344,0.147218998,0.289536844,0.130776257,0.053754638,0.09127677,0.280410703
709.537,0.143197111,0.269021645,0.156572677,0.048584722,0.078722167,0.192127007
709.731,0.145809621,0.206195293,0.151282861,0.047224166,0.091672275,0.209331522
709.924,0.154860147,0.20697559,0.168576404,0.058886003,0.081557065,0.202101136
710.117,0.168825755,0.266630252,0.13442373,0.042551663,0.078625427,0.268788891
710.31,0.154867404,0.215627213,0.151182394,0.052515202,0.089839342,0.259226084
710.503,0.15854374,0.362794456,0.121849592,0.051991849,0.080868719,0.190153353
710.696,0.159991109,0.302707933,0.140735372,0.059228454,0.08369199,0.199019005
710.889,0.149623779,0.211433895,0.164687729,0.053617052,0.089091017,0.245541997
711.083,0.155731896,0.254930253,0.134271282,0.05092977,0.086270427,0.200048475
711.276,0.155482618,0.258173865,0.176990395,0.045849614,0.079453836,0.209388398
711.469,0.149370299,0.271889263,0.164448373,0.053228481,0.075309456,0.184468767
711.662,0.151055742,0.214226467,0.137195935,0.061351383,0.087910476,0.226783808
711.855,0.155975992,0.216847693,0.155336792,0.0577044,0.081769653,0.231223978
712.048,0.138539207,0.25539632,0.155942314,0.044635089,0.082222728,0.17276631
712.241,0.170488915,0.228203016,0.167497355,0.051175693,0.082748166,0.316062567
712.434,0.147682887,0.245154603,0.131854057,0.053650804,0.091688432,0.260271998
712.627,0.14661435,0.271426283,0.165361719,0.054139592,0.083463401,0.197886643
712.82,0.150517869,0.168760651,0.146222532,0.036008167,0.083670961,0.186542912
713.012,0.168847652,0.258407828,0.16630678,0.047841159,0.086743097,0.213987633
713.205,0.155530115,0.298309181,0.168051562,0.053368351,0.090937192,0.203227971
713.398,0.161988216,0.243130434,0.174002649,0.056019175,0.07907264,0.218658553
713.591,0.154011034,0.223840178,0.175051555,0.059995687,0.080348996,0.237885756
713.784,0.157001285,0.271819621,0.092948386,0.049950314,0.081650761,0.210956071
713.977,0.152706052,0.217055694,0.143316947,0.046764883,0.083897608,0.18150274
714.17,0.156795645,0.217338526,0.192449478,0.050282716,0.08366683,0.199773028
714.363,0.147682163,0.227445721,0.118302129,0.052463179,0.080552287,0.189080774
714.555,0.157703545,0.293480421,0.133694594,0.052946399,0.090989106,0.290063334
714.748,0.157052764,0.241141052,0.174503007,0.059233479,0.081163672,0.176179209
714.941,0.164477983,0.18493334,0.132471846,0.04725275,0.087556715,0.190523977
715.134,0.162107279,0.307525762,0.126089851,0.059708327,0.083421334,0.342123781
715.326,0.158484215,0.193950911,0.194975072,0.038899879,0.085689029,0.192516202
715.519,0.155317391,0.219016381,0.141627612,0.047911797,0.089635243,0.246811879
715.712,0.15113428,0.259314054,0.132287961,0.035907804,0.086454619,0.230010889
715.905,0.153800334,0.227923357,0.111546465,0.052462677,0.089037233,0.167789525
716.097,0.159855497,0.252634895,0.113831759,0.055223286,0.083380612,0.284839762
716.29,0.150999817,0.205638651,0.127855261,0.053146815,0.08376001,0.206680242
716.483,0.154636509,0.250441009,0.137418392,0.045752748,0.085770494,0.18275062
716.675,0.151451946,0.2552243,0.170526539,0.042640239,0.088461935,0.197048039
716.868,0.161490066,0.225469298,0.121773479,0.041905035,0.087012561,0.324505743
717.06,0.145819699,0.189022467,0.155286729,0.0459453,0.076457819,0.176990666
717.253,0.146754857,0.251433923,0.14258596,0.050214857,0.082487811,0.222747574
717.446,0.160941123,0.255134521,0.109736213,0.049553051,0.081942467,0.186216642
717.638,0.159209659,0.230609894,0.163565355,0.055306411,0.08144646,0.217544148
717.831,0.145204995,0.152117466,0.146899865,0.030036287,0.077093335,0.203890278
718.023,0.155589878,0.232028298,0.162477463,0.047580511,0.086186925,0.247470017
718.216,0.146893457,0.230141688,0.138079088,0.04628931,0.085979981,0.243724952
718.408,0.150672508,0.267936368,0.143432024,0.057040811,0.077380953,0.255853469
718.601,0.146470338,0.251559827,0.135342413,0.055279853,0.082766352,0.184932745
718.793,0.149088584,0.258765724,0.111559051,0.043189752,0.087986273,0.160848156
718.986,0.148746533,0.190477397,0.152330899,0.044493572,0.076627488,0.140008674
719.178,0.156996765,0.219486457,0.15523664,0.06330447,0.082612599,0.242269189
719.371,0.15438373,0.228675816,0.156105579,0.05473225,0.081670286,0.215589953
719.563,0.137071723,0.283872125,0.136761604,0.046387578,0.086825978,0.211641867
719.755,0.158881097,0.219634507,0.151485282,0.060291915,0.076115822,0.24337769
719.948,0.165302022,0.179956708,0.1232732,0.054217241,0.088899668,0.220363726
720.14,0.169333119,0.197442435,0.16034084,0.043204374,0.073925227,0.255880561
720.332,0.158861581,0.293138073,0.116781527,0.04752822,0.084979673,0.206239613
720.525,0.156521951,0.321843688,0.157269698,0.044377764,0.080342933,0.321619836
720.717,0.154000099,0.301874,0.125201466,0.041856186,0.085625612,0.19708829
720.909,0.155383306,0.310926948,0.121211842,0.036878195,0.086403441,0.300799817
721.102,0.163251753,0.219329817,0.176302531,0.052737624,0.083468766,0.254466432
721.294,0.147167977,0.202282527,0.176076357,0.05516282,0.084056334,0.23763789
721.486,0.156821193,0.200469926,0.161096459,0.054912727,0.086819592,0.276716032
721.678,0.156613619,0.252758084,0.142396384,0.048716628,0.087182226,0.276094604
721.871,0.150068777,0.229126873,0.10933131,0.03698901,0.082781336,0.222911837
722.063,0.164870053,0.223529816,0.112079233,0.038933751,0.073357891,0.246297888
722.255,0.151527125,0.238329548,0.156252065,0.039480809,0.080710856,0.175286754
722.447,0.160560304,0.19594509,0.156763092,0.04759721,0.085353629,0.172681884
722.639,0.149872614,0.227428533,0.159500783,0.052259629,0.084876426,0.223954424
722.832,0.156088354,0.274201396,0.152131219,0.048095065,0.081897869,0.24106588
723.024,0.167908299,0.20976256,0.156502732,0.038247057,0.084222144,0.185794254
723.216,0.150750304,0.259134563,0.132366679,0.049347551,0.080355813,0.239693604
723.408,0.155682663,0.292362523,0.182199696,0.044143012,0.08524729,0.291606379
723.6,0.166024575,0.227517614,0.121986735,0.054656055,0.083499441,0.249309234
723.792,0.154341099,0.29117757,0.169459579,0.056268258,0.083229368,0.222696181
723.984,0.162337532,0.206334172,0.164381852,0.045798672,0.086039375,0.226646631
724.176,0.170443619,0.263054171,0.149366002,0.045703675,0.08987433,0.179083572
724.368,0.157010827,0.206337599,0.134076723,0.050558654,0.078756057,0.193109269
724.56,0.161574478,0.278374801,0.141476624,0.052410657,0.081126097,0.261806379
724.752,0.164279513,0.277831067,0.177540973,0.044299029,0.077289192,0.217554385
724.944,0.160545148,0.250461206,0.111163986,0.058517014,0.08538485,0.230311971
725.136,0.15402536,0.246594037,0.162064861,0.041359066,0.080917556,0.186148951
725.328,0.152801383,0.235716658,0.108146142,0.045482736,0.084842039,0.182672892
725.52,0.154348991,0.195050572,0.127556154,0.052686406,0.084265244,0.251025036
725.712,0.154485725,0.233615231,0.128978961,0.066191518,0.089327621,0.224832031
725.904,0.156857013,0.313289925,0.169643751,0.044438766,0.082543666,0.184967536
726.096,0.155192883,0.214386133,0.179178288,0.055606139,0.083834733,0.177977864
726.288,0.158495865,0.262890281,0.117841693,0.053135213,0.091382572,0.158542344
726.48,0.155651379,0.240451916,0.157823241,0.050243377,0.090691633,0.160586939
726.671,0.152501226,0.263239699,0.122412296,0.052118502,0.087112634,0.24025409
726.863,0.149797102,0.268843922,0.121047353,0.04072672,0.08637111,0.223513537
727.055,0.159839229,0.230641006,0.179729558,0.052017354,0.071497155,0.221553573
727.247,0.161271336,0.266018558,0.118312743,0.060087698,0.080324145,0.257441227
727.439,0.165159674,0.203055921,0.18225983,0.047699432,0.085461392,0.230421645
727.63,0.164027204,0.246960187,0.141495292,0.049576173,0.092093877,0.220043732
727.822,0.15944011,0.196798835,0.137189458,0.052385864,0.077859845,0.185767632
728.014,0.159088608,0.173839902,0.140305386,0.046669418,0.082869183,0.248267887
728.206,0.175807085,0.252323269,0.13083347,0.053508456,0.087990728,0.245343137
728.397,0.159581706,0.18800426,0.159187047,0.050790113,0.080938027,0.201201633
728.589,0.154814858,0.227350347,0.134350061,0.058094481,0.085068694,0.256770213
728.781,0.155530474,0.275688532,0.173296416,0.046155229,0.084208675,0.280886866
728.972,0.15315423,0.180836766,0.155012043,0.039197828,0.081250591,0.191125766
729.164,0.164427781,0.256049576,0.156975835,0.058192295,0.081511608,0.205862495
729.356,0.155205748,0.265369636,0.161436655,0.053567185,0.075446642,0.256517265
729.547,0.142367949,0.268363483,0.128836779,0.055039813,0.078367435,0.280810057
729.739,0.149609561,0.30155372,0.148014963,0.039825492,0.083530445,0.222285834
729.93,0.160395447,0.213480276,0.13740714,0.049867637,0.085264792,0.264687468
730.122,0.156123432,0.185146535,0.17146099,0.05249766,0.088374323,0.271688684
730.314,0.165129027,0.25812017,0.148056521,0.051214093,0.087232931,0.217563034
730.505,0.15070768,0.193007788,0.144923876,0.047670982,0.086173467,0.222487989
730.697,0.157467445,0.247903264,0.148657204,0.035502677,0.08590503,0.176530709
730.888,0.166919172,0.242615689,0.146534707,0.055750193,0.094066678,0.202221584
731.08,0.156226463,0.222587524,0.178714756,0.047356429,0.082110834,0.303772284
731.271,0.150674525,0.238909052,0.149875479,0.038497709,0.092748003,0.183640233
731.463,0.17553345,0.228148549,0.151085345,0.051847455,0.082283983,0.220560121
731.654,0.145478852,0.277126817,0.16146345,0.04503539,0.077714459,0.115595539
731.845,0.159055774,0.281361783,0.148387659,0.05204929,0.080406106,0.23220526
732.037,0.163664664,0.234248317,0.168100486,0.059196504,0.084722076,0.164964154
732.228,0.16720227,0.286671067,0.124225352,0.0623214,0.078920251,0.229988354
732.42,0.147199905,0.232271307,0.168031033,0.046346006,0.073064474,0.193594752
732.611,0.157526236,0.223499636,0.142688747,0.040012043,0.082722544,0.217716378
732.802,0.155991195,0.259913447,0.137470111,0.05782684,0.080634993,0.244161547
732.994,0.155342469,0.222833236,0.137762929,0.044414333,0.079745244,0.281625981
733.185,0.156905446,0.26608437,0.141202332,0.044469511,0.084877684,0.311428307
733.376,0.166210914,0.281519904,0.122335104,0.044001758,0.087433789,0.237549417
733.568,0.15604382,0.25554772,0.173377494,0.05618615,0.077638647,0.195449297
733.759,0.156551579,0.332914264,0.180237981,0.054060944,0.089456255,0.25669296
733.95,0.149619949,0.227335328,0.154342817,0.054728891,0.083065687,0.112197251
734.141,0.160123643,0.250812673,0.149658874,0.03822944,0.082303861,0.117398917
734.333,0.149582085,0.187705996,0.152152162,0.039302964,0.087043057,0.19291993
734.524,0.16246685,0.200894754,0.117906167,0.052636467,0.07888593,0.267229353
734.715,0.158583925,0.245602311,0.137579001,0.044735112,0.088216765,0.165929246
734.906,0.151821551,0.22601304,0.127760136,0.050624917,0.084307815,0.15187018
735.097,0.156954661,0.235770692,0.145286774,0.059037047,0.086818138,0.225033026
735.289,0.154789648,0.167863962,0.150018679,0.052227157,0.0782178,0.245371031
735.48,0.165233314,0.229305722,0.172796799,0.056385336,0.081212477,0.225031003
735.671,0.159106866,0.208934467,0.161588127,0.04126928,0.086637063,0.197750796
735.862,0.155516039,0.189513227,0.176384152,0.058342575,0.085163297,0.278257819
736.053,0.149010967,0.219214929,0.145079905,0.060396305,0.070085433,0.188330668
736.244,0.16060576,0.250049123,0.160098289,0.040577401,0.084837649,0.282764094
736.435,0.156785194,0.222837757,0.181506084,0.036602205,0.085792238,0.333112549
736.626,0.152971673,0.218625774,0.173477839,0.049866031,0.081789073,0.214809964
736.817,0.165233046,0.161854733,0.122998056,0.039842236,0.086144035,0.208581115
737.008,0.149513954,0.277094077,0.16450517,0.056016709,0.087247463,0.07455793
737.199,0.161620768,0.290990219,0.171569316,0.065733251,0.08099011,0.17524774
737.39,0.146331067,0.297445634,0.173109723,0.053428211,0.091743407,0.184779286
737.581,0.150275107,0.28314209,0.162214697,0.05346988,0.090912617,0.171178394
737.772,0.148059237,0.236299225,0.144323714,0.051624915,0.078354563,0.192353416
737.963,0.160627478,0.269953837,0.142138136,0.061385634,0.083893866,0.212813622
738.154,0.143625906,0.196399518,0.157664071,0.04698912,0.08721265,0.244003999
738.345,0.148407963,0.199528589,0.138346968,0.04136272,0.094319781,0.222846213
738.536,0.150796222,0.291974414,0.17315367,0.048597177,0.083883088,0.193472498
738.727,0.155063988,0.241220982,0.135495348,0.046399968,0.092211349,0.25710816
738.918,0.150712154,0.198956102,0.161006016,0.042124132,0.08451541,0.253286996
739.108,0.157321678,0.222815679,0.165209143,0.063887965,0.082845946,0.160684163
739.299,0.164110601,0.287741842,0.164828766,0.057138103,0.07844927,0.160643286
739.49,0.17351258,0.300125308,0.153997306,0.056748233,0.091583342,0.265461593
739.681,0.161489485,0.206395092,0.14552657,0.049675856,0.085546233,0.231282369
739.872,0.147219319,0.233695164,0.13916796,0.055324454,0.087616319,0.192782823
740.062,0.159911093,0.225378018,0.151447063,0.045798249,0.08183768,0.283710492
740.253,0.156751775,0.261404767,0.156559064,0.048001775,0.078339868,0.200999105
740.444,0.147140383,0.260066419,0.174143281,0.050359361,0.081265843,0.176604411
740.635,0.158758759,0.266174502,0.146067902,0.058576897,0.086125609,0.213392993
740.825,0.166562208,0.277416414,0.138037036,0.046102475,0.080621515,0.174767931
741.016,0.163480321,0.209234487,0.189997958,0.050368017,0.090097164,0.225196504
741.207,0.158835076,0.256565754,0.099329267,0.045137691,0.086914317,0.194297279
741.397,0.139392422,0.254207549,0.165058908,0.043930518,0.090376591,0.206519193
741.588,0.164941106,0.26685308,0.162752216,0.055085394,0.08909352,0.2385589
741.779,0.151140361,0.325969792,0.192745045,0.040887385,0.085093227,0.194396438
741.969,0.144595995,0.248744006,0.129545371,0.043982801,0.081215136,0.248165973
742.16,0.151170561,0.250813806,0.146522353,0.056272912,0.085179161,0.229401493
742.351,0.172348504,0.258786555,0.162449719,0.050726132,0.082863265,0.211022579
742.541,0.157256859,0.299928881,0.162768954,0.043148069,0.087772852,0.231308032
742.732,0.152014839,0.269635122,0.185013485,0.054445163,0.085890714,0.236232925
742.922,0.168800718,0.196596195,0.143824401,0.046068661,0.080981977,0.316933591
743.113,0.159563977,0.199904118,0.169961609,0.066761825,0.093275879,0.23888072
743.303,0.153907092,0.296828913,0.181584838,0.047329793,0.087751544,0.330380835
743.494,0.157201851,0.288794596,0.15716779,0.046849269,0.086554144,0.242709781
743.684,0.156700361,0.264427513,0.171320411,0.044938075,0.084670262,0.264383966
743.875,0.14500601,0.2823487,0.177021978,0.051250669,0.081725672,0.176955353
744.065,0.151589153,0.186516019,0.135328743,0.037780873,0.09086001,0.226505092
744.256,0.159881889,0.176046409,0.138274482,0.055695018,0.085081192,0.192786377
744.446,0.161607969,0.242758648,0.179549556,0.05126288,0.086867794,0.21113542
744.636,0.148942147,0.262214305,0.160070154,0.060455015,0.083143124,0.247066553
744.827,0.170006495,0.216145664,0.128069516,0.055687493,0.094987129,0.18191698
745.017,0.135022988,0.273410015,0.137132306,0.056096544,0.084039812,0.180122322
745.207,0.158898429,0.269575886,0.170475588,0.051391501,0.086520472,0.238095084
745.398,0.166107114,0.262692483,0.158258778,0.043745956,0.085951488,0.255997264
745.588,0.142237194,0.182547628,0.181646893,0.055792406,0.087411713,0.329517173
745.778,0.151965837,0.226203511,0.19294694,0.055203043,0.087246017,0.149519396
745.969,0.157536883,0.262486556,0.152642273,0.042194572,0.091255696,0.167965726
746.159,0.156368675,0.2325745,0.163306532,0.04606203,0.09187734,0.251664891
746.349,0.162759405,0.295780472,0.150610481,0.041346054,0.090591383,0.253630941
746.539,0.16048977,0.206539801,0.148025452,0.048575668,0.084965086,0.173679153
746.73,0.166646506,0.19952502,0.183698779,0.05263095,0.080694144,0.269182569
746.92,0.175164556,0.227942021,0.1507513,0.050281905,0.087580836,0.25727541
747.11,0.154751366,0.321414424,0.14593489,0.062919326,0.079786672,0.204465785
747.3,0.164332536,0.293400737,0.146664732,0.053954894,0.093627877,0.26592259
747.49,0.155196202,0.215210276,0.150679508,0.046457234,0.089136088,0.208113697
747.681,0.166952881,0.309769691,0.175673135,0.04437381,0.089581829,0.315137922
747.871,0.159059706,0.236205631,0.151551815,0.042378551,0.090815289,0.186666459
748.061,0.162826991,0.239663728,0.176306537,0.057098092,0.093613525,0.131177452
748.251,0.182435992,0.245906523,0.156238541,0.054977639,0.085751499,0.258370655
748.441,0.179937961,0.330333058,0.16572965,0.061787177,0.095889288,0.282245981
748.631,0.162137433,0.318658319,0.163084572,0.056473233,0.104646271,0.331716002
748.821,0.194883526,0.261340901,0.160041558,0.057512799,0.095628953,0.301664203
749.011,0.181333137,0.366916653,0.189533481,0.066032657,0.105063361,0.347516594
749.201,0.178088737,0.392062591,0.150049711,0.060162877,0.104905016,0.331810401
749.391,0.193364395,0.304903607,0.184264731,0.060911674,0.098643636,0.36920698
749.581,0.187432001,0.320708528,0.171875037,0.060151043,0.094735803,0.242156102
749.771,0.181117812,0.326083981,0.178428988,0.058449718,0.093174177,0.177998128
749.961,0.175370424,0.290026484,0.156931923,0.050904761,0.099634032,0.182427489
750.151,0.180209197,0.350588545,0.153087099,0.064528399,0.103884022,0.282385319
750.341,0.179895392,0.284590888,0.110173442,0.061729206,0.095167296,0.321152789
750.531,0.188005113,0.324995745,0.181610386,0.046398283,0.100731193,0.316552414
750.721,0.171748522,0.313415338,0.156840313,0.058915058,0.100222756,0.277620559
750.911,0.173746751,0.314424653,0.174579089,0.052210861,0.094349739,0.324852666
751.101,0.178517317,0.263744985,0.154486342,0.057246772,0.091634988,0.337525148
751.29,0.175584595,0.308064655,0.183452315,0.056477507,0.094555954,0.170907693
751.48,0.176552382,0.283185913,0.173191602,0.053414817,0.093759001,0.244618972
751.67,0.204383767,0.264289952,0.174694848,0.050681174,0.090550971,0.216361153
751.86,0.179524134,0.325140978,0.169934345,0.03651899,0.092475778,0.151297879
752.05,0.171121504,0.288524473,0.176012827,0.053822083,0.093304528,0.359111659
752.24,0.178259465,0.284822136,0.186082294,0.056617044,0.095516451,0.260299428
752.429,0.154730058,0.27665534,0.151048525,0.047101927,0.098529637,0.252601271
752.619,0.164933579,0.222490286,0.169403506,0.051884909,0.094915814,0.247919749
752.809,0.171078923,0.243302427,0.163709582,0.043419886,0.084159922,0.228658954
752.998,0.157895911,0.217376719,0.132251089,0.052974265,0.090771471,0.199834535
753.188,0.169432626,0.241409532,0.176509769,0.052843376,0.090887277,0.258538266
753.378,0.166021954,0.2936393,0.164940357,0.054985865,0.089947108,0.230656892
753.568,0.160635211,0.316001458,0.14034335,0.057721175,0.085783132,0.271842166
753.757,0.162678365,0.249242141,0.170455292,0.053472387,0.0914283,0.302429553
753.947,0.169615153,0.297879415,0.168966429,0.0634751,0.095624027,0.282652075
754.136,0.181950955,0.346213834,0.160544116,0.057624529,0.096149698,0.266073852
754.326,0.192156259,0.313087732,0.136885579,0.07064658,0.094614708,0.272157943
754.516,0.192701302,0.399209507,0.152129037,0.060426445,0.103205064,0.280718691
754.705,0.205712087,0.476439066,0.159035369,0.066339996,0.110778714,0.366633957
754.895,0.199014583,0.571899455,0.143740829,0.041613852,0.087219462,0.362675745
755.084,0.241079418,0.602031988,0.170002,0.056992218,0.09446207,0.337330328
755.274,0.202143598,0.684166383,0.122957293,0.052018855,0.091737827,0.479742051
755.463,0.245723859,0.732662351,0.168242508,0.060222992,0.090909713,0.47695643
755.653,0.222967919,0.739438408,0.063624074,0.058957957,0.087236366,0.52827582
755.842,0.229721102,0.800658371,0.115339997,0.062462306,0.096737712,0.607159699
756.032,0.267049497,0.859537763,0.113969922,0.066850117,0.083793697,0.547282512
756.221,0.258810633,0.822820605,0.133549998,0.067097295,0.092323107,0.63395454
756.411,0.26209394,0.879187805,0.189276125,0.064295066,0.085526149,0.617817873
756.6,0.255360404,0.871437879,0.113398495,0.073605962,0.089632251,0.616033976
756.789,0.274531436,0.916817686,0.109044395,0.06024594,0.083378747,0.691706274
756.979,0.275736068,0.971362521,0.129890991,0.058075088,0.089494578,0.776039944
757.168,0.279293963,1.000720746,0.079479574,0.056429755,0.082139275,0.697006689
757.358,0.32360682,0.95021856,0.085098947,0.05428705,0.082890791,0.810773462
757.547,0.300197696,1.094404001,0.082765679,0.063786265,0.07829403,0.910089744
757.736,0.286656702,1.028981989,0.065527052,0.054117357,0.084239183,0.775506813
757.926,0.302460923,1.009795862,0.084523911,0.057252662,0.07745761,0.755724242
758.115,0.264659349,1.000770646,0.106139336,0.070252524,0.092847781,0.606638911
758.304,0.279833993,0.855176884,0.127087777,0.055574687,0.093627647,0.715262206
758.493,0.26798644,0.780437511,0.10987821,0.064678028,0.092016945,0.656300184
758.683,0.281864289,0.799203521,0.128215761,0.063443355,0.09339514,0.666166418
758.872,0.26912255,0.90052071,0.12084417,0.066762332,0.084752399,0.72173145
759.061,0.256435456,1.006470665,0.084153971,0.069055581,0.086485701,0.625311968
759.25,0.271898518,0.807026404,0.079340874,0.050803862,0.098092732,0.610873515
759.439,0.277390819,0.835057935,0.164197702,0.059460874,0.095324791,0.692803689
759.629,0.250114527,0.747762479,0.117588216,0.051237376,0.090694292,0.584662545
759.818,0.273928196,0.869312629,0.114855875,0.07035975,0.087810205,0.759804468
760.007,0.289431871,0.999029328,0.140759637,0.069879652,0.086889034,0.88440634
760.196,0.317323129,1.051121877,0.092100584,0.052836637,0.060023837,0.92146465
760.385,0.352493322,1.246991709,0.093777848,0.065921663,0.067208565,0.907805189
760.574,0.412632447,1.49484082,0.138940869,0.052411573,0.048281412,1.108382196
760.763,0.459048763,1.649953703,0.092039883,0.05639985,0.042887345,1.491679419
760.952,0.564067545,1.848077221,0.158160773,0.067192707,0.0382058,1.507572774
761.141,0.650601628,2.0065495,0.149157398,0.08233665,0.019847776,1.785271363
761.33,0.727216657,2.383788243,0.183275194,0.050907078,0.018704365,2.057766594
761.519,0.783444494,2.517800908,0.138614615,0.07441162,0.008308887,2.270556129
761.708,0.870749354,2.684334619,0.193314817,0.063528622,0.03964481,2.484932462
761.897,0.901844889,2.916097254,0.25363214,0.057767385,0.041414892,2.497412348
762.086,0.9293032,2.818993214,0.238001138,0.049925858,0.041378147,2.42918753
762.275,0.878484272,2.769465971,0.202611855,0.052802402,0.038547083,2.437775577
762.464,0.899092782,2.794502845,0.18568647,0.057225432,0.050073209,2.361105842
762.653,0.81832301,2.691309946,0.186146079,0.042729575,0.022392322,2.300759615
762.842,0.838062967,2.630555391,0.241735525,0.094704156,0.029933538,2.30811394
763.031,0.836675641,2.629910701,0.222116208,0.055830418,0.023274202,2.431557806
763.22,0.87155632,2.807389466,0.190851733,0.037864272,0.036400357,2.435256491
763.409,0.839305495,2.885479089,0.164980046,0.087356844,0.016875733,2.413007982
763.597,0.89813528,2.882076411,0.20612897,0.069737654,0.042112084,2.523437848
763.786,0.807879299,2.593127678,0.185751335,0.067914721,0.027205504,2.408522356
763.975,0.830747966,2.62453799,0.170395866,0.074601003,0.019818778,2.232251958
764.164,0.737919278,2.547678429,0.222021948,0.052536764,0.014839179,2.08962699
764.353,0.663634429,2.275128183,0.214504099,0.050308606,0.023678563,1.84404261
764.541,0.604807684,2.098492557,0.142882514,0.053961938,0.022563551,1.690997042
764.73,0.582206181,1.900149264,0.187151826,0.04401294,0.021557586,1.708741102
764.919,0.528985188,1.783675825,0.110121463,0.055375167,0.036620236,1.685415871
765.108,0.527445639,1.89671163,0.171812236,0.033116185,0.031660163,1.563953803
765.296,0.500567013,1.692066423,0.09400764,0.06978489,0.043129169,1.459196957
765.485,0.482941497,1.838230799,0.096472772,0.060679221,0.029908453,1.42075416
765.674,0.517016669,1.802512406,0.121463151,0.065175197,0.042806438,1.472821616
765.862,0.521081499,1.747569311,0.132721527,0.047145992,0.031947141,1.549809412
766.051,0.512104662,1.81564543,0.166627523,0.04902728,0.029963771,1.485058129
766.239,0.573500186,1.866109371,0.129378195,0.055773055,0.047816542,1.505847606
766.428,0.565778698,1.955576041,0.179582939,0.064093158,0.032557192,1.684447477
766.617,0.618478698,2.148547047,0.203012039,0.052693471,0.021844568,1.719332454
766.805,0.661575205,2.375845436,0.288001648,0.051994411,0.017040086,1.711386683
766.994,0.688532183,2.371100099,0.2636831,0.054519053,0.008187704,1.81437738
767.182,0.71202727,2.356508929,0.244086701,0.045506167,0.014915039,2.045206966
767.371,0.803903995,2.621388021,0.28419931,0.043486307,0.003263542,2.179023889
767.559,0.82897313,2.848285516,0.188699023,0.073635505,0.021183694,2.36985621
767.748,0.877676819,2.979951309,0.239275808,0.058251038,0.05118517,2.435420867
767.936,0.941939109,3.118514746,0.327531577,0.094466778,0.035649449,2.551977525
768.125,0.921643047,3.169368352,0.256192873,0.084090685,0.040561672,2.512373294
768.313,0.915512691,3.065092133,0.263146023,0.064368972,0.042019381,2.547381207
768.502,0.942700993,3.103078183,0.333571019,0.052182901,0.051656664,2.609712307
768.69,0.905383461,3.04811309,0.278449452,0.08003227,0.043844519,2.527677296
768.878,0.922674673,3.023114513,0.274876815,0.099843635,0.03622365,2.274568401
769.067,0.849807689,2.876137771,0.217052814,0.075289025,0.029732424,2.208628172
769.255,0.831886149,2.788018316,0.271537376,0.073092462,0.028934469,2.197112798
769.444,0.877400639,2.903896545,0.255263658,0.061093775,0.033126629,2.365897589
769.632,0.862654557,3.014813639,0.232776575,0.075932841,0.034687959,2.145420061
769.82,0.859712148,2.987260092,0.208529717,0.0700742,0.034085626,2.273798511
770.008,0.938657576,3.038708432,0.270878961,0.063027242,0.064618384,2.44441781
770.197,0.957479121,3.082578911,0.261796684,0.083296398,0.0350799,2.558569616
770.385,0.959523306,3.131931898,0.345111377,0.066347519,0.048172745,2.706664326
770.573,0.919846345,3.11481823,0.28771744,0.042015948,0.05245043,2.624506163
770.761,0.935433287,2.895899709,0.272809095,0.064188713,0.050061356,2.399903159
770.95,0.844132146,2.771914977,0.260190755,0.07214289,0.019453909,2.274682544
771.138,0.777878624,2.652054429,0.165935583,0.058951165,0.033893285,2.130010716
771.326,0.742883381,2.471584975,0.154460545,0.049570196,0.023630802,2.003657769
771.514,0.718542068,2.414837768,0.169203972,0.046778039,0.010860277,2.160341617
771.702,0.715786747,2.519861127,0.153554606,0.074041509,0.025095525,1.991511782
771.891,0.760607404,2.580491258,0.167180603,0.063986237,0.027397372,2.123371935
772.079,0.777385803,2.427093081,0.169556569,0.066302617,0.016947568,2.12823414
772.267,0.810364611,2.440637394,0.180914227,0.065555067,0.021536707,2.120082958
772.455,0.808524216,2.720575637,0.265729246,0.063277787,0.036002667,2.269459094
772.643,0.824865569,2.784291292,0.117606056,0.054528731,0.025736996,2.280132468
772.831,0.838373211,2.705241862,0.194280218,0.076241431,0.021200006,2.33498847
773.019,0.824863434,2.891539756,0.27735658,0.06533127,0.040294228,2.148404321
773.207,0.872100492,2.781891368,0.194255793,0.092145673,0.037931973,2.348275392
773.395,0.946625395,3.032516015,0.26721655,0.07643962,0.059626986,2.50400173
773.583,1.027937125,3.43654644,0.243983653,0.089140369,0.048228151,2.551970862
773.771,1.223810251,3.805187353,0.202439715,0.09526534,0.101904266,2.984421338
773.959,1.309688639,4.069796873,0.25865475,0.111140569,0.111469059,3.501030624
774.147,1.417760823,4.465398936,0.34970234,0.127469304,0.144177044,3.819191558
774.335,1.538695304,4.815315319,0.371126613,0.111089952,0.127655367,3.982211839
774.523,1.565012505,4.896471514,0.392203659,0.110879069,0.160563344,4.176958389
774.711,1.612858311,5.079558255,0.339437626,0.117623453,0.166584447,4.21553451
774.899,1.701077246,5.191203054,0.372172695,0.122927908,0.182811926,4.372493119
775.087,1.642793907,5.023884646,0.331686467,0.119426169,0.148332088,4.11205545
775.274,1.499820263,4.775043725,0.365943812,0.101873686,0.151261736,3.864289353
775.462,1.41787946,4.508872143,0.38718913,0.118485528,0.146274359,3.739191245
775.65,1.299832301,4.01661208,0.293988044,0.094022812,0.116332013,3.415884422
775.838,1.163420263,3.722385017,0.336069487,0.112048546,0.099610106,3.236611795
776.026,1.076517255,3.533395199,0.332683848,0.111930738,0.076361778,2.843020388
776.213,1.018436347,3.249185833,0.275887223,0.068879941,0.07105591,2.812460625
776.401,0.986277938,3.2258462,0.230956372,0.082433483,0.056296946,2.611879891
776.589,0.965338511,3.334003101,0.294118831,0.068079714,0.051669166,2.521901807
776.777,0.996493336,3.242783443,0.273271544,0.102097195,0.071473814,2.75418314
776.964,1.026793157,3.220181609,0.275895844,0.061066694,0.068471164,2.665445311
777.152,0.990445816,3.280504623,0.264453951,0.090919595,0.041032307,2.644940051
777.34,0.956403818,3.338081955,0.210129606,0.081003219,0.061598514,2.468658264
777.527,0.867011922,2.85241224,0.213374021,0.07594793,0.053487838,2.287425224
777.715,0.84263743,2.739258787,0.15155413,0.060313488,0.024047223,2.182758824
777.903,0.731028295,2.50537686,0.198210878,0.081150058,0.033739786,1.956594005
778.09,0.659883954,2.38042459,0.226468185,0.063165539,0.009340427,1.858755522
778.278,0.615166335,2.248912067,0.172001995,0.058303976,0.005752138,1.744256867
778.465,0.560163612,2.065113987,0.214332942,0.051518761,0.013288697,1.567662761
778.653,0.531859542,2.14230868,0.152384025,0.046341579,0.027917732,1.535460491
778.841,0.550863822,1.988792795,0.099922705,0.052784384,0.033221424,1.672517088
779.028,0.551115924,1.950540275,0.197307916,0.086063308,0.019103947,1.518672972
779.216,0.538640645,1.970356371,0.191444893,0.05084354,0.029955746,1.441123091
779.403,0.536969894,1.992079718,0.100061884,0.058039976,0.020636112,1.544860317
779.591,0.490204298,2.024111124,0.153682863,0.044992171,0.02759972,1.502680914
779.778,0.518954185,1.840496838,0.17558453,0.057614477,0.035358985,1.383993682
779.966,0.498852775,1.70295112,0.13773627,0.047493222,0.040553527,1.482425733
780.153,0.507381926,1.77141221,0.115239801,0.042841981,0.030969935,1.391972072
780.34,0.509533786,1.950700242,0.201573524,0.065769572,0.023945606,1.548385107
780.528,0.586843828,2.115174369,0.142657965,0.059737004,0.003368655,1.566047963
780.715,0.59577452,2.100440399,0.190955562,0.054605771,0.02660778,1.88423787
780.903,0.631170977,2.539930567,0.215862901,0.052723444,0.008810455,1.816697061
781.09,0.693093813,2.31663581,0.192287263,0.073801318,0.01068879,1.958540265
781.277,0.764292034,2.563382312,0.295759323,0.066725679,0.025443969,2.236607012
781.465,0.768817995,2.658347113,0.244185911,0.059692826,0.011495655,2.216846053
781.652,0.806895669,2.783806438,0.23520251,0.057734686,0.027029522,2.203573988
781.839,0.822972692,2.598798925,0.172080233,0.071925634,0.017259716,2.181621614
782.027,0.810482031,2.712899295,0.191314216,0.042174115,0.030767201,2.233252723
782.214,0.747653644,2.405656769,0.141772318,0.068752019,0.017736432,2.071908347
782.401,0.69879371,2.228422255,0.208204785,0.056936321,0.010013295,1.856573994
782.588,0.634859385,2.238342541,0.132088129,0.062971383,0.003295498,1.953147774
782.776,0.603495843,2.116375868,0.15829463,0.052901892,0.003503801,1.645323675
782.963,0.578261865,1.960506213,0.158517574,0.064131279,0.042626703,1.656072874
783.15,0.524435949,1.941565829,0.170674835,0.06261517,0.025896816,1.434031953
783.337,0.488996647,1.780820536,0.167327902,0.05746639,0.036331104,1.455447299
783.524,0.460256541,1.761910154,0.095483445,0.055222442,0.037897148,1.311711116
783.711,0.413777058,1.608229079,0.068947504,0.059320472,0.047878812,1.125795288
783.898,0.40489059,1.564018691,0.155404184,0.062127651,0.044323052,1.148951741
784.086,0.382681924,1.486909519,0.146720196,0.084727386,0.057778782,1.140215486
784.273,0.354573384,1.270054242,0.155650616,0.057067126,0.062351329,0.961343743
784.46,0.312360874,1.245812444,0.128036928,0.088499223,0.064330569,0.898613396
784.647,0.302709351,1.146323786,0.118905767,0.050404807,0.065425881,0.924345074
784.834,0.293008895,1.091787481,0.108360766,0.069183863,0.067510898,0.783706572
785.021,0.264965596,1.209141343,0.12600477,0.06418012,0.068595328,0.831812103
785.208,0.256786972,1.068580183,0.127956295,0.057055031,0.072225507,0.768708347
785.395,0.281180493,1.197716836,0.131813742,0.063119694,0.076136187,0.858827059
785.582,0.311430065,1.139810808,0.080790991,0.067720485,0.068800187,0.863803741
785.769,0.293104942,1.179952368,0.109833717,0.059927138,0.068802617,0.946410805
785.956,0.334962301,1.262411003,0.027247096,0.081354806,0.072964516,0.966865714
786.143,0.332914681,1.220047944,0.097816387,0.057507798,0.062322165,1.036744542
786.33,0.362321497,1.2652977,0.101841248,0.059908558,0.055977199,0.919382785
786.516,0.358782686,1.370416791,0.136592268,0.056808243,0.05583156,1.068084188
786.703,0.350181531,1.256979948,0.103520943,0.084756833,0.068621519,1.178141526
786.89,0.399704901,1.419550143,0.155339363,0.051580453,0.050825439,1.301749349
787.077,0.42792113,1.549211037,0.136540727,0.063460817,0.053933074,1.096739298
787.264,0.438443917,1.576004387,0.08471148,0.038843767,0.041677484,1.255265783
787.451,0.447246526,1.580787714,0.138945308,0.074304386,0.042934471,1.34883312
787.638,0.49850345,1.785238786,0.212426052,0.053946584,0.033255112,1.339728039
787.824,0.539503867,1.674978176,0.082245137,0.057620618,0.030709472,1.408753404
788.011,0.584679415,2.055974614,0.182886599,0.062655347,0.007330655,1.520745248
788.198,0.643760513,2.186143187,0.115348957,0.04894298,0.02157458,1.903721843
788.385,0.663215521,2.350933904,0.172150167,0.069091581,0.016635164,1.757574505
788.571,0.68726231,2.301521284,0.183315862,0.053463228,0.014164481,1.981893916
788.758,0.700049978,2.177784909,0.224013568,0.045994185,0.013828039,1.942421849
788.945,0.667165463,2.325568453,0.196026628,0.075184505,0.017492516,1.917153785
789.131,0.687866742,2.267001714,0.094565911,0.05745866,0.004556062,1.83885305
789.318,0.670410106,2.157089506,0.123823505,0.048511663,0.006743087,1.638773875
789.505,0.636729685,2.190831222,0.225892034,0.070230115,0.002426336,1.710637196
789.691,0.609342342,2.118078894,0.100337232,0.051099098,0.016420003,1.681786711
789.878,0.600788643,2.053470265,0.187508016,0.052162027,0.007101944,1.764671127
790.064,0.620888866,2.045623583,0.159059539,0.066002394,0.017764625,1.570940935
790.251,0.643375724,2.19340256,0.180142107,0.04663157,0.002654354,1.824679346
790.438,0.627250083,2.259952963,0.178099515,0.068610973,0.012059727,1.757111787
790.624,0.681138163,2.291524491,0.18362234,0.030389948,0.016413255,1.858845634
790.811,0.658623063,2.283612333,0.21495809,0.056300013,0.006886953,1.860293777
790.997,0.704062197,2.297513774,0.170857825,0.0407884,0.021678409,1.852589374
791.184,0.6214327,2.12023234,0.203925942,0.053868715,0.018998328,1.825282114
791.37,0.593229614,2.092165148,0.168703525,0.032617107,0.025373733,1.51499158
791.557,0.557696882,2.017044377,0.132729215,0.056042979,0.028679226,1.580463898
791.743,0.49661745,1.869227658,0.102651136,0.045194572,0.027969521,1.478599534
791.93,0.504903765,1.78913906,0.151864423,0.061090476,0.034157247,1.500680979
792.116,0.472652394,1.794294406,0.144142044,0.030567063,0.037053941,1.36286188
792.302,0.46267354,1.718929739,0.111867053,0.06719316,0.037647936,1.305423038
792.489,0.482941664,1.778180101,0.155500409,0.060883036,0.029267621,1.39657064
792.675,0.446337831,1.565010237,0.155186326,0.046332633,0.040804556,1.313162022
792.861,0.476796754,1.651759465,0.15159091,0.048793299,0.029355031,1.481782396
793.048,0.447460589,1.678565448,0.102764288,0.05094215,0.041800335,1.342604811
793.234,0.439057277,1.689320144,0.143679696,0.068929028,0.045682054,1.19493536
793.42,0.450857326,1.602982344,0.131634222,0.05438329,0.046095235,1.160245511
793.607,0.424484281,1.51917674,0.152790249,0.059054187,0.045828421,1.347834344
793.793,0.42619418,1.62187289,0.052420454,0.051445864,0.05289113,1.342697766
793.979,0.40918261,1.615570231,0.09757841,0.058369678,0.053868294,1.265843325
794.165,0.422226443,1.57038505,0.212727703,0.04039852,0.048946044,1.353205426
794.352,0.455010711,1.632093293,0.13967235,0.049916926,0.037127128,1.343287476
794.538,0.458825578,1.792993834,0.142010977,0.047869345,0.028911687,1.351248105
794.724,0.532495572,1.835181766,0.159168774,0.033024171,0.029255092,1.446110617
794.91,0.5487199,1.892310724,0.154302474,0.037718535,0.028436978,1.548773661
795.096,0.616362406,2.15011567,0.194864461,0.046827765,0.016540453,1.637522219
795.283,0.646533969,2.132278046,0.154996053,0.045937269,0.010576169,1.645593939
795.469,0.661448469,2.247965416,0.240027161,0.041966899,0.015618251,1.916361073
795.655,0.671764542,2.286382017,0.188625446,0.045230714,0.0119871,1.796729575
795.841,0.730736091,2.356518948,0.18590767,0.07307226,0.01558961,1.944152957
796.027,0.698466092,2.545843402,0.213236822,0.047689912,0.010775991,1.917045278
796.213,0.697078377,2.421003919,0.1338021,0.063965819,0.016163802,1.814496111
796.399,0.665031727,2.313806178,0.136514416,0.054524543,0.016858107,1.675506277
796.585,0.632023249,2.225200976,0.180836053,0.055914531,0.012976607,1.572539536
796.771,0.574682985,1.972560598,0.182007431,0.047346812,0.023714896,1.699264907
796.957,0.563988557,2.097473205,0.202124338,0.060501835,0.021048267,1.574403067
797.143,0.533123209,1.920233709,0.176349875,0.070244466,0.015856942,1.424574096
797.329,0.503290802,1.914988739,0.224969232,0.044369758,0.021562524,1.66014591
797.515,0.494202658,1.860622515,0.171988358,0.073147454,0.025754282,1.479612916
797.701,0.511461416,1.759861157,0.094516552,0.052952141,0.0275222,1.548052617
797.887,0.493859865,1.751202403,0.178239093,0.073157388,0.033228467,1.483136076
798.073,0.523701038,1.878121551,0.152945226,0.073643698,0.033468447,1.503488024
798.259,0.493404556,1.621028206,0.134947394,0.049473085,0.041283551,1.505164133
798.444,0.468396912,1.547293616,0.133129444,0.059588971,0.043134855,1.220131939
798.63,0.409700292,1.497875245,0.04975814,0.05895159,0.042112036,1.121773974
798.816,0.381515442,1.528086107,0.136144104,0.046195824,0.054737878,1.142620591
799.002,0.381958272,1.301846119,0.110920237,0.057102664,0.061660718,0.963156671
799.188,0.321246342,1.307342347,0.144445047,0.045876647,0.060678953,1.015116576
799.374,0.308541887,1.176434505,0.088158751,0.04576344,0.067540373,0.894847806
799.559,0.2854319,1.139917894,0.119371458,0.070236811,0.065925346,0.955755633
799.745,0.277384205,0.987276793,0.142584445,0.066148971,0.073403419,0.819942727
799.931,0.2730455,1.087069763,0.085586747,0.054637985,0.063887354,0.768653756
800.117,0.269071009,0.955320746,0.131330273,0.047288132,0.063915559,0.872092518
800.302,0.248027683,1.002950043,0.105825609,0.051447259,0.064210851,0.808265022
800.488,0.266712477,1.137708078,0.124909191,0.070371652,0.067682879,0.761093032
800.674,0.279957982,1.108157968,0.123003909,0.059968299,0.07084322,0.814035806
800.859,0.280907238,1.132638997,0.093513431,0.055197556,0.079429194,0.963904667
801.045,0.274810056,1.118832325,0.200410734,0.050041626,0.060663141,0.89251576
801.231,0.301566766,1.151624003,0.106980627,0.064959569,0.068241629,1.015029359
801.416,0.330488369,1.290646876,0.116434261,0.058083617,0.056892095,0.927127949
801.602,0.293227372,1.360161533,0.070829036,0.072566929,0.055602763,0.929979716
801.787,0.355556137,1.290973289,0.146934577,0.060175961,0.054808042,1.08781004
801.973,0.335682439,1.320521676,0.110448625,0.059612372,0.060382593,1.08755544
802.158,0.378089664,1.410574558,0.152104226,0.045002127,0.049316242,1.143377895
802.344,0.360602485,1.419824454,0.132148669,0.072884933,0.048272076,1.092782609
802.529,0.370634939,1.433268349,0.144873018,0.049029477,0.057117478,1.23731588
802.715,0.353977032,1.400029553,0.102341209,0.079276925,0.06569306,1.084913493
802.9,0.355987632,1.372619982,0.109897594,0.051613142,0.058781912,1.177258093
803.086,0.334199866,1.251044298,0.098717876,0.06644748,0.064221486,1.053502891
803.271,0.299417955,1.230284799,0.087054177,0.070649758,0.065238121,0.940532355
803.457,0.289516428,1.276290367,0.148755579,0.067743132,0.070813296,0.974282282
803.642,0.263673475,0.976814115,0.096074591,0.04793065,0.072524613,0.791334096
803.828,0.22749909,0.900823723,0.083621133,0.061927469,0.083087222,0.683645199
804.013,0.230430694,0.941015314,0.074592262,0.065966381,0.087674265,0.72711311
804.198,0.197387822,0.848736502,0.150395608,0.062934625,0.086316176,0.586367819
804.384,0.193137819,0.700261262,0.110460196,0.069417066,0.087197687,0.512644967
804.569,0.190276342,0.67291132,0.103802539,0.067886866,0.101157153,0.413430886
804.754,0.179534544,0.646532317,0.084732331,0.070466219,0.095557483,0.43357018
804.94,0.168004775,0.67935571,0.150625775,0.069077393,0.097466436,0.492238819
805.125,0.181459531,0.66475308,0.139758422,0.070975261,0.082196913,0.450627733
805.31,0.186235667,0.577135985,0.122825851,0.071727439,0.098045498,0.343936519
805.495,0.147380809,0.511628217,0.123608789,0.060107378,0.094065013,0.381807731
805.681,0.177425847,0.515552049,0.181274604,0.055840495,0.093592979,0.432997523
805.866,0.182350953,0.538279076,0.109924533,0.062377154,0.094109088,0.439612679
806.051,0.201621061,0.454529087,0.175764542,0.075375226,0.097898874,0.276157957
806.236,0.183969115,0.457244008,0.156931683,0.058372782,0.097818843,0.305785587
806.421,0.184752673,0.36421223,0.117639095,0.061128506,0.093605679,0.284196291
806.607,0.189151746,0.391254122,0.1362483,0.048818801,0.098642545,0.373543316
806.792,0.18351193,0.415519369,0.146183052,0.068813752,0.093545903,0.357988546
806.977,0.184933751,0.33839222,0.118266076,0.059216265,0.102471936,0.320457442
807.162,0.191641692,0.351475986,0.212797533,0.071230759,0.098681691,0.271709327
807.347,0.171926113,0.44547478,0.15389557,0.057668248,0.10085806,0.388258844
807.532,0.163752595,0.384020099,0.162048329,0.073039369,0.101882221,0.303650337
807.717,0.18202743,0.380996435,0.155847061,0.071267638,0.095318868,0.278855912
807.902,0.180094289,0.320268515,0.144055994,0.070425139,0.09910615,0.358834037
808.087,0.177947748,0.27732959,0.132426051,0.070221086,0.094688761,0.267028148
808.272,0.176851044,0.28737271,0.202993234,0.075433434,0.102802608,0.398693436
808.457,0.182543492,0.329625772,0.136188679,0.056595429,0.10214251,0.244398888
808.642,0.199621114,0.329339631,0.148810902,0.052158153,0.102126717,0.260040902
808.827,0.185003041,0.335038243,0.153666227,0.054717076,0.094245988,0.251600041
809.012,0.18336997,0.342186076,0.147082517,0.054883385,0.092529574,0.287699973
809.197,0.187651517,0.301576526,0.196908894,0.045861037,0.09618025,0.334475725
809.382,0.18484707,0.276944892,0.159700216,0.064556737,0.096828373,0.353454477
809.567,0.176188153,0.280584303,0.155258439,0.056941528,0.098057291,0.327821082
809.752,0.18680765,0.281310827,0.176471391,0.047537262,0.098164916,0.305375485
809.936,0.183250582,0.350408341,0.183038611,0.054058857,0.089090136,0.265457476
810.121,0.177695185,0.336164027,0.166271716,0.053447998,0.097407781,0.314874023
810.306,0.189620884,0.285011902,0.170806472,0.063940278,0.096855182,0.293918774
810.491,0.180642956,0.315030001,0.170415644,0.055419264,0.098119295,0.268117887
810.676,0.186227246,0.217957758,0.164493679,0.06402981,0.093420282,0.26563709
810.861,0.179484268,0.274157754,0.170608483,0.059733168,0.091454768,0.231998592
811.045,0.17811734,0.233683842,0.139802603,0.055090216,0.095727133,0.205645218
811.23,0.177889598,0.306092361,0.144803165,0.059066127,0.092021442,0.223217467
811.415,0.177495474,0.198032836,0.163026856,0.04945943,0.089039567,0.236945997
811.599,0.181501846,0.33322903,0.18405466,0.049262569,0.087955334,0.256452592
811.784,0.174337776,0.281167548,0.171039547,0.052202703,0.092138039,0.207739314
811.969,0.158160075,0.269570869,0.144635373,0.054179455,0.085941431,0.226876113
812.154,0.162586483,0.286030557,0.164171354,0.046636574,0.094799208,0.241040485
812.338,0.160862964,0.212996681,0.13044473,0.055206493,0.089845279,0.254569489
812.523,0.15818312,0.298191073,0.115619893,0.052027563,0.087272748,0.244160887
812.707,0.164668638,0.2316128,0.159189934,0.055440032,0.087163628,0.234277224
812.892,0.162036998,0.234927441,0.117921021,0.066258842,0.086404526,0.233154589
813.077,0.14663537,0.291265419,0.141387717,0.052643591,0.086501464,0.219712522
813.261,0.169289634,0.238580495,0.149969259,0.044275681,0.09528361,0.29943087
813.446,0.16656468,0.208373965,0.148036642,0.051808446,0.077370309,0.194756912
813.63,0.169152086,0.244173251,0.154915791,0.05131053,0.078409934,0.181629766
813.815,0.161646312,0.272562312,0.18176505,0.047874229,0.089301797,0.23330325
813.999,0.178562978,0.240653441,0.157704137,0.0566756,0.078741842,0.298518582
814.184,0.160057807,0.276220071,0.164275065,0.055326137,0.087927833,0.207537024
814.368,0.150018383,0.297196863,0.124682167,0.047648148,0.090997072,0.279386942
814.553,0.16195123,0.204742654,0.156477442,0.053715755,0.091721071,0.218133205
814.737,0.160888,0.289207108,0.13823414,0.056285585,0.08994233,0.210790722
814.921,0.157952324,0.26354114,0.159277731,0.046830503,0.084060384,0.220154919
815.106,0.142877294,0.269121251,0.130257213,0.054186821,0.087771936,0.215494029
815.29,0.165486558,0.270472624,0.157090215,0.054945907,0.085191413,0.233250742
815.475,0.16135964,0.246282572,0.153178657,0.054780773,0.086199907,0.265565866
815.659,0.165367508,0.29474528,0.153795136,0.046357201,0.0941915,0.191528163
815.843,0.171890118,0.276871246,0.133674035,0.050610436,0.08828506,0.162381348
816.028,0.157519338,0.178427109,0.174483721,0.049804392,0.083715173,0.258059494
816.212,0.156793569,0.239951073,0.157888039,0.032153957,0.078392201,0.171345066
816.396,0.150571528,0.281006716,0.127411015,0.047214755,0.090100654,0.187471818
816.58,0.143370596,0.280426878,0.158130699,0.038968725,0.085155583,0.3196042
816.765,0.159933377,0.2438348,0.139533248,0.048121985,0.085870897,0.309502179
816.949,0.164504744,0.240069985,0.130708966,0.061212017,0.083715846,0.175883981
817.133,0.148283164,0.287520882,0.181344022,0.050708174,0.087059141,0.268315765
817.317,0.162451398,0.219744048,0.138432903,0.062985753,0.085952793,0.312993836
817.502,0.156283423,0.244246105,0.169517636,0.043478424,0.081758263,0.19904543
817.686,0.16316561,0.266507663,0.15529442,0.055292118,0.094463095,0.272013782
817.87,0.158649012,0.231941082,0.142726928,0.047375496,0.080614174,0.260782667
818.054,0.160483661,0.29773363,0.147509886,0.05388298,0.084945055,0.209325813
818.238,0.154190448,0.199754517,0.129899429,0.052391247,0.088730649,0.175321527
818.422,0.15619436,0.240777583,0.187662233,0.048504381,0.090946888,0.263205615
818.606,0.156157269,0.311948415,0.119132182,0.042827629,0.076686929,0.262865838
818.79,0.155354692,0.23166601,0.124663089,0.03984817,0.088585857,0.243228733
818.975,0.160582215,0.222331601,0.157429794,0.063219593,0.083412876,0.227323517
819.159,0.149414566,0.301114591,0.141163283,0.044549521,0.078269773,0.297881402
819.343,0.163878425,0.19876975,0.148261247,0.046895549,0.093043492,0.233372243
819.527,0.151686896,0.265559208,0.161148522,0.049352116,0.081308471,0.257826846
819.711,0.159362004,0.241006151,0.144407688,0.050214042,0.088544902,0.174554442
819.895,0.152951543,0.268342322,0.170499761,0.050413718,0.083227248,0.178506675
820.078,0.150530731,0.2021445,0.147348169,0.041417639,0.08667554,0.217097864
820.262,0.158175655,0.188425512,0.16911831,0.064375644,0.078943664,0.153320541
820.446,0.153628117,0.281112686,0.166464412,0.05022619,0.083939131,0.201990959
820.63,0.166534654,0.231378262,0.168707176,0.047657391,0.085538025,0.191911995
820.814,0.145883621,0.273350546,0.133838891,0.053099347,0.075923364,0.258881333
820.998,0.158420142,0.257393258,0.15115336,0.048006861,0.091461726,0.19437336
821.182,0.163992954,0.304971688,0.185388117,0.04199724,0.0819866,0.324424524
821.366,0.156203893,0.194611688,0.142558175,0.054682385,0.082443073,0.238628168
821.55,0.161514137,0.241360381,0.143101206,0.045621426,0.088542368,0.178417543
821.733,0.149759841,0.26494924,0.11310036,0.055005151,0.085543753,0.253251756
821.917,0.170643338,0.183076923,0.167177817,0.054785182,0.083251202,0.167998205
822.101,0.156303107,0.216171846,0.139777172,0.042630468,0.079989159,0.25531346
822.285,0.16397991,0.245453149,0.146261561,0.065667826,0.091240332,0.252773538
822.468,0.143683492,0.311153282,0.146479826,0.051093804,0.081309293,0.203507444
822.652,0.135010836,0.164303912,0.155163116,0.042928209,0.084965284,0.316977815
822.836,0.152219318,0.158706532,0.155809439,0.049600809,0.080732146,0.184933922
823.02,0.158994775,0.276646699,0.168817711,0.051268003,0.078079294,0.17567091
823.203,0.153258668,0.254432588,0.179380612,0.062768896,0.087834625,0.233841021
823.387,0.151122794,0.208318632,0.136253368,0.042014338,0.089813463,0.296167612
823.571,0.157882417,0.251051353,0.131727748,0.046916872,0.084864392,0.243247309
823.754,0.166420981,0.261426846,0.179534622,0.047397762,0.087675422,0.268889848
823.938,0.156352804,0.238611443,0.127893905,0.04302411,0.082036681,0.232253035
824.121,0.149831242,0.247363762,0.168493723,0.055459573,0.080620614,0.166456818
824.305,0.168814189,0.222470941,0.186350954,0.058416109,0.08848891,0.213647692
824.489,0.163798226,0.286050898,0.150422994,0.053964951,0.075543257,0.213976299
824.672,0.166489671,0.250579538,0.145994025,0.043097441,0.083536703,0.157828898
824.856,0.163003047,0.278629411,0.164980078,0.045559721,0.080504755,0.212678953
825.039,0.164392164,0.286729475,0.159934872,0.043499307,0.093576109,0.329641756
825.223,0.16205656,0.199385268,0.164019366,0.043448807,0.078437035,0.229672708
825.406,0.16077649,0.279883943,0.139133125,0.050679473,0.083211871,0.34736632
825.59,0.162317813,0.254266369,0.150096066,0.055410623,0.082719183,0.177229381
825.773,0.154100113,0.216507634,0.127314379,0.043257906,0.082814611,0.241373521
825.956,0.152249556,0.246182651,0.145709291,0.045218685,0.089277585,0.208792916
826.14,0.159637455,0.270642738,0.139393711,0.052781841,0.090862313,0.193159399
826.323,0.144663689,0.228545587,0.135562537,0.052141138,0.084743438,0.210973319
826.507,0.159411766,0.249734478,0.136621902,0.054264396,0.075737023,0.255030421
826.69,0.155188704,0.293212767,0.187602774,0.043688221,0.082471551,0.205822809
826.873,0.153573792,0.288562823,0.138482091,0.061665485,0.088500396,0.199267112
827.057,0.155010211,0.226458165,0.131810727,0.049354561,0.083990631,0.266133821
827.24,0.147924653,0.253773373,0.149877951,0.04722463,0.084708179,0.217617467
827.423,0.159003369,0.256214216,0.178463877,0.056130237,0.075767052,0.333370399
827.607,0.167927929,0.193889974,0.161452896,0.039096521,0.085175486,0.152967925
827.79,0.152946547,0.175282998,0.153163745,0.034711955,0.078298153,0.222401554
827.973,0.166049287,0.266819546,0.158738437,0.0523185,0.091752134,0.220983724
828.156,0.150284369,0.243016712,0.152365172,0.05269762,0.083709146,0.206939275
828.34,0.16570135,0.329148509,0.140981584,0.04757684,0.077154262,0.287454927
828.523,0.153880543,0.143600488,0.155551792,0.06177062,0.088728642,0.162003205
828.706,0.157799742,0.247909098,0.140495524,0.051495928,0.080030405,0.215240224
828.889,0.161373799,0.186005555,0.157972099,0.052441284,0.084884957,0.201668262
829.072,0.157294816,0.245096806,0.153395306,0.053186128,0.085408023,0.200916387
829.255,0.161943359,0.272790663,0.114534365,0.050519691,0.096739575,0.223312881
829.438,0.142929205,0.2608894,0.165071104,0.056818665,0.093857391,0.126657134
829.622,0.159112213,0.246458399,0.168024658,0.035124747,0.084359826,0.256827269
829.805,0.151350117,0.286263079,0.165005732,0.051670268,0.088174616,0.270357993
829.988,0.153134517,0.365854863,0.141417798,0.044703289,0.081105106,0.252095837
830.171,0.142369002,0.236472132,0.141788823,0.044370695,0.084616141,0.256897996
830.354,0.167144255,0.204250143,0.12271337,0.043074274,0.081665794,0.277743148
830.537,0.156324474,0.273782045,0.186697023,0.065559791,0.083469048,0.237793693
830.72,0.148634403,0.226460332,0.1678042,0.05106849,0.087081914,0.230364492
830.903,0.139321312,0.183568767,0.150392114,0.053042879,0.084786305,0.180384734
831.086,0.158483418,0.326353251,0.16021809,0.050656712,0.083510486,0.254389704
831.269,0.157121852,0.202909714,0.171137713,0.037973175,0.081165369,0.242273116
831.452,0.167983566,0.237061636,0.146779566,0.06110585,0.083584271,0.131861251
831.635,0.149662576,0.231837938,0.125495615,0.053089907,0.088289214,0.218887037
831.817,0.14638878,0.250448965,0.125474424,0.053331484,0.075485695,0.2130052
832,0.159084977,0.237938386,0.134227462,0.043883708,0.082820067,0.147554075
832.183,0.166717331,0.27599617,0.100867271,0.04850121,0.093469704,0.248835193
832.366,0.148111769,0.235662681,0.168231398,0.064150387,0.085455455,0.253382491
832.549,0.158116261,0.223625291,0.163668312,0.054698448,0.086139988,0.336218329
832.732,0.153394763,0.189541912,0.157078386,0.050412651,0.081590255,0.192889091
832.914,0.145591258,0.223598776,0.129141034,0.034488753,0.086629769,0.181877445
833.097,0.149326152,0.233414634,0.177637435,0.04874326,0.087536225,0.203554339
833.28,0.153104196,0.255154058,0.121646873,0.047253189,0.079929419,0.256012955
833.463,0.158023533,0.259708534,0.16979761,0.048555126,0.079857809,0.224548834
833.646,0.156105253,0.224365755,0.139112395,0.057276554,0.087164689,0.262253703
833.828,0.15787255,0.155670458,0.147222923,0.047679142,0.084302871,0.124287182
834.011,0.175234617,0.227061843,0.137773869,0.06180786,0.080538743,0.248784695
834.194,0.149712212,0.255649798,0.12097764,0.06848067,0.080993524,0.166613723
834.376,0.162899247,0.287194575,0.196927909,0.054959479,0.080890798,0.169990207
834.559,0.154993814,0.264636893,0.15111124,0.053199707,0.079290255,0.275862168
834.742,0.157296263,0.209034469,0.143394184,0.047073106,0.079541527,0.240677049
834.924,0.154575,0.20207824,0.119461078,0.044677421,0.082073418,0.191579929
835.107,0.148557583,0.162438391,0.14376437,0.053316845,0.088832549,0.125150896
835.289,0.153367194,0.2754317,0.142694362,0.056540619,0.076630748,0.183993808
835.472,0.152488097,0.23353954,0.140924456,0.045735738,0.083616699,0.244841278
835.654,0.151948695,0.241435301,0.115721938,0.052467633,0.086211792,0.246747082
835.837,0.159781507,0.280514289,0.16856093,0.05103082,0.078388621,0.232566102
836.02,0.145359739,0.26378213,0.156901001,0.048729934,0.080662143,0.245520606
836.202,0.164876524,0.281031819,0.120857827,0.058344842,0.085016206,0.19697966
836.385,0.145283373,0.304597318,0.143195868,0.046448432,0.081409751,0.240875561
836.567,0.148433166,0.223527823,0.16208792,0.047272064,0.081885962,0.187835691
836.749,0.152848044,0.232744743,0.142144599,0.054815866,0.086112383,0.24707916
836.932,0.151687433,0.248655018,0.133102735,0.051388268,0.075845125,0.166664963
837.114,0.16000054,0.236416449,0.14287382,0.044247147,0.081419124,0.219552871
837.297,0.157133748,0.249523395,0.131174954,0.045605899,0.075108491,0.245690201
837.479,0.164030548,0.24501921,0.152514098,0.054735759,0.087195791,0.20409683
837.661,0.162225635,0.196910979,0.15324494,0.060121043,0.07926541,0.268358171
837.844,0.148255498,0.203959741,0.156354165,0.050733988,0.091358934,0.246653872
838.026,0.154343774,0.246397812,0.122712006,0.048345074,0.088853676,0.174007816
838.208,0.145655316,0.256426944,0.141983185,0.039485172,0.087324279,0.242859194
838.391,0.157850785,0.232742015,0.169985771,0.050545655,0.081690956,0.139342944
838.573,0.160533233,0.21794748,0.140046,0.057378049,0.094320894,0.271694326
838.755,0.16035518,0.20227938,0.137792153,0.043506002,0.087124786,0.138817283
838.938,0.142394597,0.189873118,0.143750691,0.047129109,0.08809264,0.20342126
839.12,0.152235743,0.212174253,0.163255073,0.044602226,0.08491042,0.216880012
839.302,0.154399386,0.211679305,0.162290444,0.04846969,0.081583293,0.188645468
839.484,0.144651448,0.262900138,0.148135487,0.055907476,0.086270666,0.25250651
839.666,0.156424143,0.231532565,0.133871785,0.041936029,0.086242877,0.142845213
839.849,0.150926572,0.214656441,0.168006824,0.048629749,0.078502053,0.173686356
840.031,0.161678617,0.251035116,0.135402793,0.052338387,0.083030917,0.187004975
840.213,0.140531254,0.279611212,0.151937299,0.053369206,0.08722476,0.186085872
840.395,0.15281319,0.236150606,0.139109554,0.047973111,0.082177277,0.210505983
840.577,0.152563684,0.228390101,0.154247485,0.046017513,0.077245659,0.228014055
840.759,0.147305797,0.177147151,0.159206351,0.050822579,0.080608304,0.202911937
840.941,0.163270276,0.255403619,0.149792211,0.048190808,0.082865692,0.251847993
841.123,0.163657942,0.233309522,0.151606006,0.042847189,0.084830202,0.196470234
841.305,0.146345877,0.185540362,0.145605025,0.042708579,0.081539607,0.192942239
841.487,0.15797083,0.268383356,0.156756579,0.04579422,0.082708781,0.172930353
841.669,0.162148616,0.270925636,0.166570246,0.057481528,0.08896115,0.208041765
841.851,0.150469661,0.228510354,0.131681433,0.057378359,0.08605429,0.258225356
842.033,0.166754466,0.225659636,0.144904424,0.04551421,0.080761276,0.191298015
842.215,0.154779074,0.230485349,0.144603846,0.050405428,0.083530087,0.172782417
842.397,0.161655166,0.302932661,0.127948947,0.047131312,0.090963657,0.306322743
842.579,0.162189853,0.221178474,0.132152774,0.055038904,0.086240636,0.191855278
842.761,0.141264044,0.262605571,0.115238742,0.049250449,0.083657701,0.208243416
842.943,0.160790201,0.243005442,0.141182612,0.058449507,0.09387247,0.225620218
843.125,0.155753138,0.23553113,0.142058624,0.047562346,0.082181214,0.24035649
843.307,0.156349423,0.292564691,0.149625437,0.052390872,0.085258385,0.216303702
843.488,0.150456175,0.250000202,0.180153595,0.052935017,0.08904077,0.253025723
843.67,0.142616405,0.262992432,0.153410121,0.056538297,0.086157306,0.202356783
843.852,0.157909997,0.260663368,0.145313092,0.046356864,0.087758052,0.18828515
844.034,0.156127025,0.256612347,0.164055368,0.05800865,0.09048493,0.255939143
844.216,0.158451357,0.26756234,0.124499602,0.048281813,0.080806429,0.247208652
844.397,0.147617537,0.291720376,0.145690119,0.043810597,0.0800893,0.194706033
844.579,0.150454454,0.285426267,0.158608071,0.049590318,0.094524158,0.269483847
844.761,0.147129121,0.294594343,0.170776616,0.043423294,0.084799869,0.215168842
844.942,0.14536922,0.264465559,0.121656898,0.049231673,0.079262232,0.240221922
845.124,0.145057254,0.254009808,0.151441162,0.062991867,0.090642539,0.175955461
845.306,0.155995901,0.184824675,0.161536713,0.046566334,0.084464569,0.247693642
845.487,0.155011729,0.258684791,0.154624088,0.052395885,0.08222622,0.19814233
845.669,0.156654509,0.250511591,0.172202852,0.051719131,0.083451896,0.192351359
845.851,0.160106184,0.205486984,0.147322579,0.047857462,0.090566189,0.214046056
846.032,0.16429482,0.209711894,0.144550487,0.059094326,0.082891793,0.321767601
846.214,0.166668229,0.246292528,0.124322211,0.049162546,0.087729778,0.196693851
846.395,0.151933024,0.26434744,0.147250523,0.056139237,0.088747406,0.326677117
846.577,0.160755413,0.241347976,0.149401606,0.041376708,0.077970988,0.17124214
846.758,0.15765838,0.210541205,0.108901953,0.050464136,0.08459413,0.201710107
846.94,0.155177853,0.266389069,0.168977169,0.037958499,0.083814203,0.229379022
847.122,0.151028801,0.23521352,0.153663081,0.046325359,0.082506977,0.324172553
847.303,0.153572933,0.256155691,0.127061232,0.04083688,0.076612487,0.233295554
847.484,0.156510906,0.23259585,0.105228778,0.056599649,0.087204086,0.228595573
847.666,0.164922739,0.232875979,0.143352685,0.057883868,0.091714025,0.212539853
847.847,0.154251351,0.200393961,0.145931567,0.050269082,0.083271947,0.173606687
848.029,0.137112083,0.289366205,0.135593943,0.054539874,0.078474651,0.151512125
848.21,0.150105938,0.336635883,0.171527418,0.045428262,0.087577754,0.173685897
848.392,0.163245068,0.238572353,0.157022825,0.045502729,0.085346564,0.269564164
848.573,0.161962117,0.217415589,0.168586661,0.04551123,0.080178269,0.197133636
848.754,0.15142034,0.271953203,0.153316791,0.049290498,0.079000504,0.194995206
848.936,0.155965245,0.225381606,0.118112568,0.04958366,0.085574826,0.203424264
849.117,0.146776473,0.265057471,0.143264028,0.048345445,0.080062942,0.260009383
849.298,0.160070868,0.213307513,0.172026252,0.048326549,0.0829245,0.246827361
849.479,0.15381684,0.220005246,0.149006838,0.04688222,0.08452588,0.167272445
849.661,0.151616149,0.239862915,0.153398716,0.059531038,0.084378324,0.258753374
849.842,0.150576032,0.227570058,0.152229137,0.045039488,0.083592713,0.245772409
850.023,0.159475543,0.23318131,0.157185598,0.044212092,0.08642468,0.304124298
850.204,0.152722482,0.272127762,0.161022521,0.063933787,0.079902039,0.179123212
850.386,0.160409879,0.207490477,0.139072695,0.05184502,0.092458396,0.25396571
850.567,0.167844601,0.248731378,0.148697726,0.052529882,0.089325315,0.155816241
850.748,0.155324231,0.280429991,0.118135179,0.041097822,0.082768917,0.157184305
850.929,0.155612264,0.21976495,0.131726601,0.051934473,0.08740286,0.18020184
851.11,0.154163665,0.316343772,0.123956947,0.055903066,0.078315717,0.205352995
851.291,0.161505491,0.256802026,0.149057863,0.047870724,0.085513794,0.220344774
851.472,0.156033359,0.262786136,0.166722534,0.049658431,0.085910215,0.167023473
851.653,0.157974836,0.282280081,0.134971908,0.058820218,0.080625866,0.246971386
851.835,0.154566819,0.275301754,0.128407509,0.050965737,0.079941151,0.23450303
852.016,0.148259576,0.282821543,0.15816472,0.046126923,0.085546709,0.213454777
852.197,0.154667257,0.245495357,0.136435772,0.050136235,0.084244714,0.171273993
852.378,0.143245626,0.221411011,0.121543313,0.049805689,0.089682956,0.282217578
852.559,0.150798389,0.217986462,0.173325804,0.043753236,0.078253462,0.27537377
852.74,0.159145095,0.231661022,0.144096921,0.046456228,0.07523186,0.211442576
852.921,0.152022919,0.235514339,0.154888779,0.049163393,0.090888926,0.242096063
853.101,0.142010049,0.219477868,0.13442779,0.047392382,0.07995871,0.187625699
853.282,0.141921458,0.292733807,0.208583472,0.048988214,0.089793891,0.089488087
853.463,0.156896099,0.239837693,0.179679188,0.047410847,0.08834352,0.239820941
853.644,0.155650053,0.233737704,0.145820947,0.054250182,0.087115787,0.172697905
853.825,0.160092047,0.205378962,0.140068693,0.040944965,0.080601685,0.179602755
854.006,0.147609813,0.187850761,0.145391871,0.054290034,0.084721824,0.241090898
854.187,0.159129959,0.188163139,0.173396642,0.050032997,0.087599755,0.195392509
854.368,0.1599519,0.188151286,0.149458723,0.048038112,0.080336104,0.299748725
854.548,0.157713911,0.19930267,0.145662444,0.045723416,0.082327657,0.354535133
854.729,0.154824858,0.270840162,0.109877564,0.045905141,0.086926897,0.1953513
854.91,0.155534232,0.234603086,0.151123544,0.054451273,0.079192321,0.26179092
855.091,0.160447069,0.273796789,0.146560244,0.047400998,0.078919773,0.211039534
855.271,0.148353658,0.249232865,0.145977059,0.045370451,0.077635378,0.204838046
855.452,0.163284379,0.319243307,0.156287895,0.062536403,0.085324415,0.223854164
855.633,0.150245856,0.27955974,0.12979725,0.041411035,0.080597262,0.204936903
855.814,0.165448508,0.265203187,0.139417041,0.045502172,0.082368903,0.284442953
855.994,0.142488652,0.243160448,0.117685794,0.045537038,0.088589372,0.194767631
856.175,0.15875833,0.214800876,0.165204421,0.048862337,0.088708364,0.206736199
856.356,0.158312925,0.185063956,0.141184909,0.055762851,0.078746385,0.257689897
856.536,0.157894608,0.283224456,0.151770153,0.052334714,0.081215848,0.257484592
856.717,0.151030051,0.290089984,0.159211717,0.041003482,0.088482864,0.232654935
856.897,0.170086074,0.249071772,0.184051844,0.048494993,0.079847031,0.187684485
857.078,0.153421076,0.221221284,0.157503949,0.045903924,0.079455174,0.258343774
857.258,0.163683376,0.249964016,0.145085088,0.049004979,0.086143658,0.204059814
857.439,0.151581894,0.24611566,0.15098785,0.047392734,0.081522284,0.222379391
857.62,0.15178985,0.280497857,0.173979589,0.048590336,0.089541457,0.325029573
857.8,0.149495831,0.163654076,0.168007451,0.04673079,0.081975797,0.263121817
857.98,0.162747327,0.220050099,0.141402243,0.049584651,0.083523529,0.250364604
858.161,0.16587044,0.240540471,0.148220983,0.040007507,0.085355093,0.315023861
858.341,0.158248539,0.225555976,0.14910708,0.050591511,0.085091581,0.195908373
858.522,0.153635836,0.191731377,0.126953122,0.044425068,0.081558114,0.238778273
858.702,0.158771099,0.267495741,0.139063318,0.046414498,0.088967937,0.296087668
858.883,0.162941964,0.234227312,0.138644144,0.045927605,0.082884861,0.285556522
859.063,0.153574344,0.279334633,0.129688321,0.060819593,0.082215595,0.303275921
859.243,0.150045506,0.183615666,0.129269849,0.062358765,0.085733515,0.215416832
859.424,0.161518854,0.290210436,0.108269628,0.052909324,0.083199492,0.226985548
859.604,0.165489033,0.243572279,0.144983221,0.034791074,0.087080942,0.259985974
859.784,0.155876941,0.214605408,0.149034525,0.059668214,0.085171362,0.223688508
859.965,0.150236492,0.278381914,0.127256879,0.044993657,0.088296131,0.186775912
860.145,0.15184048,0.318974686,0.152692332,0.049418151,0.086679826,0.226850739
860.325,0.157242718,0.212817007,0.13602155,0.047704908,0.081207386,0.190922245
860.505,0.156808169,0.255868792,0.125660935,0.052494413,0.084263187,0.291065116
860.686,0.157142127,0.245090207,0.143569712,0.054875754,0.078074014,0.208035399
860.866,0.145871714,0.179291175,0.115331148,0.055106379,0.076184498,0.21021787
861.046,0.161221524,0.195019974,0.151293302,0.051126672,0.081142822,0.26763882
861.226,0.150480971,0.214704329,0.179701442,0.056481506,0.080573259,0.220300182
861.406,0.170899098,0.23035038,0.172629421,0.04225685,0.084053037,0.264688193
861.587,0.15856397,0.219757626,0.169899013,0.056176998,0.08239062,0.247559572
861.767,0.159075343,0.181471975,0.134289868,0.051549688,0.084495202,0.166865848
861.947,0.153402289,0.248433011,0.174955371,0.050800459,0.088902538,0.164585616
862.127,0.163221349,0.235874117,0.148346064,0.04580379,0.077899052,0.229114761
862.307,0.156640359,0.216957022,0.160389921,0.054641784,0.090187435,0.182052635
862.487,0.148166602,0.228840805,0.139669046,0.048902396,0.097598386,0.223669048
862.667,0.161756804,0.270740844,0.176497488,0.051680611,0.083839893,0.215669417
862.847,0.148190802,0.199405479,0.133569289,0.054081431,0.085588277,0.24117838
863.027,0.143661346,0.256643468,0.149485723,0.041670702,0.091454926,0.166039413
863.207,0.162234326,0.204223108,0.135486653,0.041943828,0.083147201,0.226895243
863.387,0.157827795,0.248903486,0.189653906,0.045396468,0.084585673,0.241774444
863.567,0.155157134,0.297279096,0.11160609,0.046103758,0.083144338,0.184820285
863.747,0.158654084,0.205952885,0.162299951,0.040222262,0.083656716,0.244879054
863.927,0.159550179,0.279395732,0.1495578,0.055999596,0.084064667,0.175344343
